id	parlamentarier_id	stichdatum	in_liste	verguetung_transparent	freigabe_datum	parlamentarier_name	parlamentarier_rat	parlamentarier_kanton	parlamentarier_partei	parlamentarier_fraktion	parlamentarier_kommissionen	parlamentarier_im_rat_seit	parlamentarier_im_rat_bis	parlamentarier_geschlecht	parlamentarier_geburtstag	parlamentarier_parlament_biografie_id	parlamentarier_parlament_number	parlamentarier_sprache	parlamentarier_arbeitssprache
503	261	2019-09-23	1	"nein"	2019-12-24T16:11:58	"Addor, Jean-Luc"	"NR"	"VS"	"SVP"	"V"	"SiK-NR, SPK-NR"	2015-11-30		"M"	1964-04-22	4154	3055	"fr"	"fr"
257	261	2018-11-19	1	"nein"	2019-12-24T16:13:05	"Addor, Jean-Luc"	"NR"	"VS"	"SVP"	"V"	"SiK-NR, SPK-NR"	2015-11-30		"M"	1964-04-22	4154	3055	"fr"	"fr"
2	261	2017-05-27	1	"ja"	2019-12-24T16:13:39	"Addor, Jean-Luc"	"NR"	"VS"	"SVP"	"V"	"SiK-NR, SPK-NR"	2015-11-30		"M"	1964-04-22	4154	3055	"fr"	"fr"
504	39	2019-09-23	1	"nein"	2019-12-24T16:11:58	"Aebi, Andreas"	"NR"	"BE"	"SVP"	"V"	"APK-NR, Bü-NR, Bü-VBV-V, OSZE, VD"	2007-12-03		"M"	1958-11-26	3867	2670	"de"	"de"
258	39	2018-11-19	1	"nein"	2019-12-24T16:13:05	"Aebi, Andreas"	"NR"	"BE"	"SVP"	"V"	"APK-NR, Bü-NR, Bü-VBV-V, OSZE, VD"	2007-12-03		"M"	1958-11-26	3867	2670	"de"	"de"
3	39	2017-05-27	1	"nein"	2019-12-24T16:13:39	"Aebi, Andreas"	"NR"	"BE"	"SVP"	"V"	"APK-NR, Bü-NR, Bü-VBV-V, OSZE, VD"	2007-12-03		"M"	1958-11-26	3867	2670	"de"	"de"
505	40	2019-09-23	1	"ja"	2019-12-24T16:11:58	"Aebischer, Matthias"	"NR"	"BE"	"SP"	"S"	"GK-V, KVF-NR, WBK-NR"	2011-12-05		"M"	1967-10-18	4049	2760	"de"	"de"
259	40	2018-11-19	1	"ja"	2019-12-24T16:13:05	"Aebischer, Matthias"	"NR"	"BE"	"SP"	"S"	"GK-V, KVF-NR, WBK-NR"	2011-12-05		"M"	1967-10-18	4049	2760	"de"	"de"
4	40	2017-05-27	1	"teilweise"	2019-12-24T16:13:39	"Aebischer, Matthias"	"NR"	"BE"	"SP"	"S"	"GK-V, KVF-NR, WBK-NR"	2011-12-05		"M"	1967-10-18	4049	2760	"de"	"de"
506	41	2019-09-23	1	"nein"	2019-12-24T16:11:58	"Aeschi, Thomas"	"NR"	"ZG"	"SVP"	"V"	"Bü-NR, EFTA/EU, GK-V, SGK-NR, WAK-NR"	2011-12-05		"M"	1979-01-13	4053	2758	"de"	"de"
260	41	2018-11-19	1	"nein"	2019-12-24T16:13:05	"Aeschi, Thomas"	"NR"	"ZG"	"SVP"	"V"	"Bü-NR, EFTA/EU, GK-V, SGK-NR, WAK-NR"	2011-12-05		"M"	1979-01-13	4053	2758	"de"	"de"
5	41	2017-05-27	1	"teilweise"	2019-12-24T16:13:39	"Aeschi, Thomas"	"NR"	"ZG"	"SVP"	"V"	"Bü-NR, EFTA/EU, GK-V, SGK-NR, WAK-NR"	2011-12-05		"M"	1979-01-13	4053	2758	"de"	"de"
507	44	2019-09-23	1	"nein"	2019-12-24T16:11:58	"Amaudruz, Céline"	"NR"	"GE"	"SVP"	"V"	"SGK-NR, WAK-NR"	2011-12-05		"F"	1979-03-15	4090	2796	"fr"	"fr"
261	44	2018-11-19	1	"nein"	2019-12-24T16:13:05	"Amaudruz, Céline"	"NR"	"GE"	"SVP"	"V"	"SGK-NR, WAK-NR"	2011-12-05		"F"	1979-03-15	4090	2796	"fr"	"fr"
8	44	2017-05-27	1	"nein"	2019-12-24T16:13:39	"Amaudruz, Céline"	"NR"	"GE"	"SVP"	"V"	"SGK-NR, WAK-NR"	2011-12-05		"F"	1979-03-15	4090	2796	"fr"	"fr"
511	264	2019-09-23	1	"nein"	2019-12-24T16:11:58	"Arslan, Sibel"	"NR"	"BS"	"BastA"	"G"	"APK-NR, APK-NS 20-30, ERD-V, GK-V, RK-NR"	2015-11-30		"F"	1980-06-23	4184	3058	"tr"	"de"
266	264	2018-11-19	1	"nein"	2019-12-24T16:13:05	"Arslan, Sibel"	"NR"	"BS"	"BastA"	"G"	"APK-NR, APK-NS 20-30, ERD-V, GK-V, RK-NR"	2015-11-30		"F"	1980-06-23	4184	3058	"tr"	"de"
13	264	2017-05-27	1	"nein"	2019-12-24T16:13:39	"Arslan, Sibel"	"NR"	"BS"	"BastA"	"G"	"APK-NR, APK-NS 20-30, ERD-V, GK-V, RK-NR"	2015-11-30		"F"	1980-06-23	4184	3058	"tr"	"de"
512	49	2019-09-23	1	"ja"	2019-12-24T16:11:58	"Badran, Jacqueline"	"NR"	"ZH"	"SP"	"S"	"APK-NR, WAK-NR"	2011-12-05		"F"	1961-11-12	4058	2762	"de"	"de"
267	49	2018-11-19	1	"ja"	2019-12-24T16:13:05	"Badran, Jacqueline"	"NR"	"ZH"	"SP"	"S"	"APK-NR, WAK-NR"	2011-12-05		"F"	1961-11-12	4058	2762	"de"	"de"
14	49	2017-05-27	1	"nein"	2019-12-24T16:13:39	"Badran, Jacqueline"	"NR"	"ZH"	"SP"	"S"	"APK-NR, WAK-NR"	2011-12-05		"F"	1961-11-12	4058	2762	"de"	"de"
514	265	2019-09-23	1	"ja"	2019-12-24T16:11:58	"Barrile, Angelo"	"NR"	"ZH"	"SP"	"S"	"Del I-V, GPK-NR, SPK-NR"	2015-11-30		"M"	1976-08-22	4203	3104	"de"	"de"
269	265	2018-11-19	1	"ja"	2019-12-24T16:13:05	"Barrile, Angelo"	"NR"	"ZH"	"SP"	"S"	"Del I-V, GPK-NR, SPK-NR"	2015-11-30		"M"	1976-08-22	4203	3104	"de"	"de"
16	265	2017-05-27	1	"ja"	2019-12-24T16:13:39	"Barrile, Angelo"	"NR"	"ZH"	"SP"	"S"	"Del I-V, GPK-NR, SPK-NR"	2015-11-30		"M"	1976-08-22	4203	3104	"de"	"de"
515	266	2019-09-23	1	"nein"	2019-12-24T16:11:58	"Bauer, Philippe"	"SR"	"NE"	"FDP"	"RL"	"APF-V, GPDel-V, GPK-SR, RedK-V, RK-SR, SPK-SR"	2015-11-30		"M"	1962-04-09	4187	3059	"fr"	"fr"
270	266	2018-11-19	1	"nein"	2019-12-24T16:13:05	"Bauer, Philippe"	"SR"	"NE"	"FDP"	"RL"	"APF-V, GPDel-V, GPK-SR, RedK-V, RK-SR, SPK-SR"	2015-11-30		"M"	1962-04-09	4187	3059	"fr"	"fr"
17	266	2017-05-27	1	"nein"	2019-12-24T16:13:39	"Bauer, Philippe"	"SR"	"NE"	"FDP"	"RL"	"APF-V, GPDel-V, GPK-SR, RedK-V, RK-SR, SPK-SR"	2015-11-30		"M"	1962-04-09	4187	3059	"fr"	"fr"
517	51	2019-09-23	1	"nein"	2019-12-24T16:11:58	"Bäumle, Martin"	"NR"	"ZH"	"GLP"	"GL"	"IK-NR, UREK-NR"	2003-12-01		"M"	1964-06-03	1138	2585	"de"	"de"
272	51	2018-11-19	1	"nein"	2019-12-24T16:13:05	"Bäumle, Martin"	"NR"	"ZH"	"GLP"	"GL"	"IK-NR, UREK-NR"	2003-12-01		"M"	1964-06-03	1138	2585	"de"	"de"
19	51	2017-05-27	1	"nein"	2019-12-24T16:13:39	"Bäumle, Martin"	"NR"	"ZH"	"GLP"	"GL"	"IK-NR, UREK-NR"	2003-12-01		"M"	1964-06-03	1138	2585	"de"	"de"
519	323	2019-09-23	1	"nein"	2019-12-24T16:11:58	"Bendahan, Samuel"	"NR"	"VD"	"SP"	"S"	"WAK-NR"	2017-06-15		"M"	1980-06-11	4213	3114	"fr"	"fr"
274	323	2018-11-19	1	"ja"	2019-12-24T16:13:05	"Bendahan, Samuel"	"NR"	"VD"	"SP"	"S"	"WAK-NR"	2017-06-15		"M"	1980-06-11	4213	3114	"fr"	"fr"
521	53	2019-09-23	1	"nein"	2019-12-24T16:11:58	"Bertschy, Kathrin"	"NR"	"BE"	"GLP"	"GL"	"GK-V, WAK-NR"	2011-12-05		"F"	1979-07-02	4102	3016	"de"	"de"
276	53	2018-11-19	1	"nein"	2019-12-24T16:13:05	"Bertschy, Kathrin"	"NR"	"BE"	"GLP"	"GL"	"GK-V, WAK-NR"	2011-12-05		"F"	1979-07-02	4102	3016	"de"	"de"
22	53	2017-05-27	1	"nein"	2019-12-24T16:13:39	"Bertschy, Kathrin"	"NR"	"BE"	"GLP"	"GL"	"GK-V, WAK-NR"	2011-12-05		"F"	1979-07-02	4102	3016	"de"	"de"
523	55	2019-09-23	1	"ja"	2019-12-24T16:11:58	"Birrer-Heimo, Prisca"	"NR"	"LU"	"SP"	"S"	"GPK-NR, WAK-NR"	2010-05-31		"F"	1959-02-04	4030	2743	"de"	"de"
278	55	2018-11-19	1	"ja"	2019-12-24T16:13:05	"Birrer-Heimo, Prisca"	"NR"	"LU"	"SP"	"S"	"GPK-NR, WAK-NR"	2010-05-31		"F"	1959-02-04	4030	2743	"de"	"de"
24	55	2017-05-27	1	"ja"	2019-12-24T16:13:39	"Birrer-Heimo, Prisca"	"NR"	"LU"	"SP"	"S"	"GPK-NR, WAK-NR"	2010-05-31		"F"	1959-02-04	4030	2743	"de"	"de"
524	219	2019-09-23	1	"nein"	2019-12-24T16:11:58	"Bischof, Pirmin"	"SR"	"SO"	"M"	"M-E"	"APK-NS 20-30, APK-SR, Del D-V, SGK-SR, UREK-SR, WAK-SR"	2007-12-03		"M"	1959-02-24	3871	2674	"de"	"de"
279	219	2018-11-19	1	"nein"	2019-12-24T16:13:05	"Bischof, Pirmin"	"SR"	"SO"	"M"	"M-E"	"APK-NS 20-30, APK-SR, Del D-V, SGK-SR, UREK-SR, WAK-SR"	2007-12-03		"M"	1959-02-24	3871	2674	"de"	"de"
25	219	2017-05-27	1	"nein"	2019-12-24T16:13:39	"Bischof, Pirmin"	"SR"	"SO"	"M"	"M-E"	"APK-NS 20-30, APK-SR, Del D-V, SGK-SR, UREK-SR, WAK-SR"	2007-12-03		"M"	1959-02-24	3871	2674	"de"	"de"
525	268	2019-09-23	1	"nein"	2019-12-24T16:11:58	"Borloz, Frédéric"	"NR"	"VD"	"FDP"	"RL"	"KVF-NR"	2015-11-30		"M"	1966-04-22	4188	3061	"fr"	"fr"
281	268	2018-11-19	1	"nein"	2019-12-24T16:13:05	"Borloz, Frédéric"	"NR"	"VD"	"FDP"	"RL"	"KVF-NR"	2015-11-30		"M"	1966-04-22	4188	3061	"fr"	"fr"
27	268	2017-05-27	1	"nein"	2019-12-24T16:13:39	"Borloz, Frédéric"	"NR"	"VD"	"FDP"	"RL"	"KVF-NR"	2015-11-30		"M"	1966-04-22	4188	3061	"fr"	"fr"
526	57	2019-09-23	1	"nein"	2019-12-24T16:11:58	"Bourgeois, Jacques"	"NR"	"FR"	"FDP"	"RL"	"FK-NR, UREK-NR"	2007-12-03		"M"	1958-03-14	3872	2675	"fr"	"fr"
282	57	2018-11-19	1	"nein"	2019-12-24T16:13:05	"Bourgeois, Jacques"	"NR"	"FR"	"FDP"	"RL"	"FK-NR, UREK-NR"	2007-12-03		"M"	1958-03-14	3872	2675	"fr"	"fr"
28	57	2017-05-27	1	"nein"	2019-12-24T16:13:39	"Bourgeois, Jacques"	"NR"	"FR"	"FDP"	"RL"	"FK-NR, UREK-NR"	2007-12-03		"M"	1958-03-14	3872	2675	"fr"	"fr"
528	340	2019-09-23	1	"ja"	2019-12-24T16:11:58	"Bregy, Philipp Matthias"	"NR"	"VS"	"M"	"M-E"	"Bü-NR, IK-NR, KVF-NR, RK-NR"	2019-03-04		"M"	1978-07-07	4230	3131	"de"	"de"
529	269	2019-09-23	1	"ja"	2019-12-24T16:11:58	"Brélaz, Daniel"	"NR"	"VD"	"Grüne"	"G"	"Bü-NR, FK-NR, RK-NR"	1979-11-26		"M"	1950-01-04	724	2023	"fr"	"fr"
284	269	2018-11-19	1	"ja"	2019-12-24T16:13:05	"Brélaz, Daniel"	"NR"	"VD"	"Grüne"	"G"	"Bü-NR, FK-NR, RK-NR"	1979-11-26		"M"	1950-01-04	724	2023	"fr"	"fr"
30	269	2017-05-27	1	"nein"	2019-12-24T16:13:39	"Brélaz, Daniel"	"NR"	"VD"	"Grüne"	"G"	"Bü-NR, FK-NR, RK-NR"	1979-11-26		"M"	1950-01-04	724	2023	"fr"	"fr"
532	60	2019-09-23	1	"nein"	2019-12-24T16:11:58	"Büchel, Roland"	"NR"	"SG"	"SVP"	"V"	"APK-NR, Bü-NR, Del FL-V, ERD-V"	2010-03-01		"M"	1965-10-08	4025	2740	"de"	"de"
288	60	2018-11-19	1	"teilweise"	2019-12-24T16:13:05	"Büchel, Roland"	"NR"	"SG"	"SVP"	"V"	"APK-NR, Bü-NR, Del FL-V, ERD-V"	2010-03-01		"M"	1965-10-08	4025	2740	"de"	"de"
33	60	2017-05-27	1	"ja"	2019-12-24T16:13:39	"Büchel, Roland"	"NR"	"SG"	"SVP"	"V"	"APK-NR, Bü-NR, Del FL-V, ERD-V"	2010-03-01		"M"	1965-10-08	4025	2740	"de"	"de"
533	270	2019-09-23	1	"nein"	2019-12-24T16:11:58	"Buffat, Michaël"	"NR"	"VD"	"SVP"	"V"	"Del F-V, RedK-V, SPK-NR"	2015-11-30		"M"	1979-09-27	4156	3062	"fr"	"fr"
289	270	2018-11-19	1	"nein"	2019-12-24T16:13:05	"Buffat, Michaël"	"NR"	"VD"	"SVP"	"V"	"Del F-V, RedK-V, SPK-NR"	2015-11-30		"M"	1979-09-27	4156	3062	"fr"	"fr"
35	270	2017-05-27	1	"nein"	2019-12-24T16:13:39	"Buffat, Michaël"	"NR"	"VD"	"SVP"	"V"	"Del F-V, RedK-V, SPK-NR"	2015-11-30		"M"	1979-09-27	4156	3062	"fr"	"fr"
535	63	2019-09-23	1	"nein"	2019-12-24T16:11:58	"Bulliard-Marbach, Christine"	"NR"	"FR"	"M"	"M-E"	"APF-V, APK-NR, UREK-NR"	2011-12-05		"F"	1959-10-13	4101	3017	"de"	"de"
291	63	2018-11-19	1	"nein"	2019-12-24T16:13:05	"Bulliard-Marbach, Christine"	"NR"	"FR"	"M"	"M-E"	"APF-V, APK-NR, UREK-NR"	2011-12-05		"F"	1959-10-13	4101	3017	"de"	"de"
37	63	2017-05-27	1	"nein"	2019-12-24T16:13:39	"Bulliard-Marbach, Christine"	"NR"	"FR"	"M"	"M-E"	"APF-V, APK-NR, UREK-NR"	2011-12-05		"F"	1959-10-13	4101	3017	"de"	"de"
536	272	2019-09-23	1	"nein"	2019-12-24T16:11:58	"Burgherr, Thomas"	"NR"	"AG"	"SVP"	"V"	"WAK-NR"	2015-11-30		"M"	1962-08-01	4158	3064	"de"	"de"
292	272	2018-11-19	1	"nein"	2019-12-24T16:13:05	"Burgherr, Thomas"	"NR"	"AG"	"SVP"	"V"	"WAK-NR"	2015-11-30		"M"	1962-08-01	4158	3064	"de"	"de"
38	272	2017-05-27	1	"nein"	2019-12-24T16:13:39	"Burgherr, Thomas"	"NR"	"AG"	"SVP"	"V"	"WAK-NR"	2015-11-30		"M"	1962-08-01	4158	3064	"de"	"de"
537	273	2019-09-23	1	"nein"	2019-12-24T16:11:58	"Burkart, Thierry"	"SR"	"AG"	"FDP"	"RL"	"GPK-SR, KVF-SR, RedK-V, SiK-SR"	2015-11-30		"M"	1975-08-21	4189	3065	"de"	"de"
293	273	2018-11-19	1	"nein"	2019-12-24T16:13:05	"Burkart, Thierry"	"SR"	"AG"	"FDP"	"RL"	"GPK-SR, KVF-SR, RedK-V, SiK-SR"	2015-11-30		"M"	1975-08-21	4189	3065	"de"	"de"
39	273	2017-05-27	1	"nein"	2019-12-24T16:13:39	"Burkart, Thierry"	"SR"	"AG"	"FDP"	"RL"	"GPK-SR, KVF-SR, RedK-V, SiK-SR"	2015-11-30		"M"	1975-08-21	4189	3065	"de"	"de"
539	65	2019-09-23	1	"nein"	2019-12-24T16:11:58	"Candinas, Martin"	"NR"	"GR"	"M"	"M-E"	"Bü-NR, Bü-VBV-V, KVF-NR, SiK-NR, VD"	2011-12-05		"M"	1980-08-20	4070	2770	"rm"	"de"
295	65	2018-11-19	1	"nein"	2019-12-24T16:13:05	"Candinas, Martin"	"NR"	"GR"	"M"	"M-E"	"Bü-NR, Bü-VBV-V, KVF-NR, SiK-NR, VD"	2011-12-05		"M"	1980-08-20	4070	2770	"rm"	"de"
42	65	2017-05-27	1	"nein"	2019-12-24T16:13:39	"Candinas, Martin"	"NR"	"GR"	"M"	"M-E"	"Bü-NR, Bü-VBV-V, KVF-NR, SiK-NR, VD"	2011-12-05		"M"	1980-08-20	4070	2770	"rm"	"de"
540	4	2019-09-23	1	"teilweise"	2019-12-24T16:11:58	"Carobbio Guscetti, Marina"	"SR"	"TI"	"SP"	"S"	"Del I-V, ERD-V, FK-SR, RedK-V, SGK-SR, WBK-SR"	2007-06-04		"F"	1966-06-12	3830	2666	"it"	"de"
296	4	2018-11-19	1	"ja"	2019-12-24T16:13:05	"Carobbio Guscetti, Marina"	"SR"	"TI"	"SP"	"S"	"Del I-V, ERD-V, FK-SR, RedK-V, SGK-SR, WBK-SR"	2007-06-04		"F"	1966-06-12	3830	2666	"it"	"de"
43	4	2017-05-27	1	"nein"	2019-12-24T16:13:39	"Carobbio Guscetti, Marina"	"SR"	"TI"	"SP"	"S"	"Del I-V, ERD-V, FK-SR, RedK-V, SGK-SR, WBK-SR"	2007-06-04		"F"	1966-06-12	3830	2666	"it"	"de"
541	66	2019-09-23	1	"ja"	2019-12-24T16:11:58	"Caroni, Andrea"	"SR"	"AR"	"FDP"	"RL"	"APK-NS 20-30, APK-SR, Del I-V, GK-V, IPU, RK-SR, SPK-SR"	2011-12-05		"M"	1980-04-19	4075	2775	"de"	"de"
297	66	2018-11-19	1	"ja"	2019-12-24T16:13:05	"Caroni, Andrea"	"SR"	"AR"	"FDP"	"RL"	"APK-NS 20-30, APK-SR, Del I-V, GK-V, IPU, RK-SR, SPK-SR"	2011-12-05		"M"	1980-04-19	4075	2775	"de"	"de"
44	66	2017-05-27	1	"nein"	2019-12-24T16:13:39	"Caroni, Andrea"	"SR"	"AR"	"FDP"	"RL"	"APK-NS 20-30, APK-SR, Del I-V, GK-V, IPU, RK-SR, SPK-SR"	2011-12-05		"M"	1980-04-19	4075	2775	"de"	"de"
1029	326	2020-12-31	1	"nein"	2021-04-11T10:35:50	"Cattaneo, Rocco"	"NR"	"TI"	"FDP"	"RL"	"SiK-NR"	2017-11-27		"M"	1958-12-06	4217	3118	"it"	"de"
542	326	2019-09-23	1	"nein"	2019-12-24T16:11:58	"Cattaneo, Rocco"	"NR"	"TI"	"FDP"	"RL"	"SiK-NR"	2017-11-27		"M"	1958-12-06	4217	3118	"it"	"de"
298	326	2018-11-19	1	"nein"	2019-12-24T16:13:05	"Cattaneo, Rocco"	"NR"	"TI"	"FDP"	"RL"	"SiK-NR"	2017-11-27		"M"	1958-12-06	4217	3118	"it"	"de"
543	67	2019-09-23	1	"ja"	2019-12-24T16:11:58	"Chevalley, Isabelle"	"NR"	"VD"	"GLP"	"GL"	"UREK-NR, WBK-NR"	2011-12-05		"F"	1972-04-13	4108	3604	"fr"	"fr"
299	67	2018-11-19	1	"teilweise"	2019-12-24T16:13:05	"Chevalley, Isabelle"	"NR"	"VD"	"GLP"	"GL"	"UREK-NR, WBK-NR"	2011-12-05		"F"	1972-04-13	4108	3604	"fr"	"fr"
46	67	2017-05-27	1	"nein"	2019-12-24T16:13:39	"Chevalley, Isabelle"	"NR"	"VD"	"GLP"	"GL"	"UREK-NR, WBK-NR"	2011-12-05		"F"	1972-04-13	4108	3604	"fr"	"fr"
1031	275	2020-12-31	1		2021-04-18T11:44:39	"Chiesa, Marco"	"SR"	"TI"	"SVP"	"V"	"APK-SR, Del I-V, GPK-SR, OSZE, RedK-V, SPK-SR"	2015-11-30		"M"	1974-10-10	4159	3067	"it"	"fr"
544	275	2019-09-23	1	"nein"	2019-12-24T16:11:58	"Chiesa, Marco"	"SR"	"TI"	"SVP"	"V"	"APK-SR, Del I-V, GPK-SR, OSZE, RedK-V, SPK-SR"	2015-11-30		"M"	1974-10-10	4159	3067	"it"	"fr"
300	275	2018-11-19	1	"nein"	2019-12-24T16:13:05	"Chiesa, Marco"	"SR"	"TI"	"SVP"	"V"	"APK-SR, Del I-V, GPK-SR, OSZE, RedK-V, SPK-SR"	2015-11-30		"M"	1974-10-10	4159	3067	"it"	"fr"
47	275	2017-05-27	1	"nein"	2019-12-24T16:13:39	"Chiesa, Marco"	"SR"	"TI"	"SVP"	"V"	"APK-SR, Del I-V, GPK-SR, OSZE, RedK-V, SPK-SR"	2015-11-30		"M"	1974-10-10	4159	3067	"it"	"fr"
548	330	2019-09-23	1	"ja"	2019-12-24T16:11:58	"Crottaz, Brigitte"	"NR"	"VD"	"SP"	"S"	"APK-NR, Del F-V"	2018-02-26		"F"	1957-10-06	4219	3120	"fr"	"fr"
304	330	2018-11-19	1	"nein"	2019-12-24T16:13:05	"Crottaz, Brigitte"	"NR"	"VD"	"SP"	"S"	"APK-NR, Del F-V"	2018-02-26		"F"	1957-10-06	4219	3120	"fr"	"fr"
550	6	2019-09-23	1	"nein"	2019-12-24T16:11:58	"de Courten, Thomas"	"NR"	"BL"	"SVP"	"V"	"GPK-NR, IK-NR, SGK-NR"	2011-12-05		"M"	1966-07-29	4051	2757	"de"	"de"
306	6	2018-11-19	1	"nein"	2019-12-24T16:13:05	"de Courten, Thomas"	"NR"	"BL"	"SVP"	"V"	"GPK-NR, IK-NR, SGK-NR"	2011-12-05		"M"	1966-07-29	4051	2757	"de"	"de"
52	6	2017-05-27	1	"nein"	2019-12-24T16:13:39	"de Courten, Thomas"	"NR"	"BL"	"SVP"	"V"	"GPK-NR, IK-NR, SGK-NR"	2011-12-05		"M"	1966-07-29	4051	2757	"de"	"de"
551	276	2019-09-23	1	"ja"	2019-12-24T16:11:58	"de la Reussille, Denis"	"NR"	"NE"	"PdA"	"G"	"APK-NR"	2015-11-30		"M"	1960-10-24	4201	3068	"fr"	"fr"
307	276	2018-11-19	1	"nein"	2019-12-24T16:13:05	"de la Reussille, Denis"	"NR"	"NE"	"PdA"	"G"	"APK-NR"	2015-11-30		"M"	1960-10-24	4201	3068	"fr"	"fr"
53	276	2017-05-27	1	"ja"	2019-12-24T16:13:39	"de la Reussille, Denis"	"NR"	"NE"	"PdA"	"G"	"APK-NR"	2015-11-30		"M"	1960-10-24	4201	3068	"fr"	"fr"
1040	392	2020-12-31	1	"nein"	2020-01-16T12:43:39	"de Quattro, Jacqueline"	"NR"	"VD"	"FDP"	"RL"	"IK-NR, SiK-NR"	2019-10-20		"F"	1960-06-24	4257	3149	"fr"	"fr"
794	392	2020-01-30	1	"nein"	2020-01-16T12:43:39	"de Quattro, Jacqueline"	"NR"	"VD"	"FDP"	"RL"	"IK-NR, SiK-NR"	2019-10-20		"F"	1960-06-24	4257	3149	"fr"	"fr"
553	277	2019-09-23	1	"nein"	2019-12-24T16:11:58	"Dettling, Marcel"	"NR"	"SZ"	"SVP"	"V"	"WAK-NR"	2015-11-30		"M"	1981-02-01	4160	3069	"de"	"de"
309	277	2018-11-19	1	"nein"	2019-12-24T16:13:05	"Dettling, Marcel"	"NR"	"SZ"	"SVP"	"V"	"WAK-NR"	2015-11-30		"M"	1981-02-01	4160	3069	"de"	"de"
55	277	2017-05-27	1	"nein"	2019-12-24T16:13:39	"Dettling, Marcel"	"NR"	"SZ"	"SVP"	"V"	"WAK-NR"	2015-11-30		"M"	1981-02-01	4160	3069	"de"	"de"
554	315	2019-09-23	1	"nein"	2019-12-24T16:11:58	"Dittli, Josef"	"SR"	"UR"	"FDP"	"RL"	"KVF-SR, NATO-V, OSZE, SGK-SR, SiK-SR"	2015-11-30		"M"	1957-04-11	4151	3052	"de"	"de"
310	315	2018-11-19	1	"nein"	2019-12-24T16:13:05	"Dittli, Josef"	"SR"	"UR"	"FDP"	"RL"	"KVF-SR, NATO-V, OSZE, SGK-SR, SiK-SR"	2015-11-30		"M"	1957-04-11	4151	3052	"de"	"de"
56	315	2017-05-27	1	"nein"	2019-12-24T16:13:39	"Dittli, Josef"	"SR"	"UR"	"FDP"	"RL"	"KVF-SR, NATO-V, OSZE, SGK-SR, SiK-SR"	2015-11-30		"M"	1957-04-11	4151	3052	"de"	"de"
555	278	2019-09-23	1	"nein"	2019-12-24T16:11:58	"Dobler, Marcel"	"NR"	"SG"	"FDP"	"RL"	"SGK-NR"	2015-11-30		"M"	1980-08-29	4190	3070	"de"	"de"
311	278	2018-11-19	1	"nein"	2019-12-24T16:13:05	"Dobler, Marcel"	"NR"	"SG"	"FDP"	"RL"	"SGK-NR"	2015-11-30		"M"	1980-08-29	4190	3070	"de"	"de"
57	278	2017-05-27	1	"nein"	2019-12-24T16:13:39	"Dobler, Marcel"	"NR"	"SG"	"FDP"	"RL"	"SGK-NR"	2015-11-30		"M"	1980-08-29	4190	3070	"de"	"de"
558	341	2019-09-23	1	"ja"	2019-12-24T16:11:58	"Egger, Mike"	"NR"	"SG"	"SVP"	"V"	"FK-NR, UREK-NR"	2019-03-04		"M"	1992-08-02	4229	3130	"de"	"de"
1046	223	2020-12-31	1	"nein"	2021-01-25T20:04:30	"Engler, Stefan"	"SR"	"GR"	"M"	"M-E"	"KVF-SR, RK-SR, SPK-SR, WAK-SR"	2011-12-05		"M"	1960-05-30	4055	2768	"rm"	"de"
562	223	2019-09-23	1	"nein"	2019-12-24T16:11:58	"Engler, Stefan"	"SR"	"GR"	"M"	"M-E"	"KVF-SR, RK-SR, SPK-SR, WAK-SR"	2011-12-05		"M"	1960-05-30	4055	2768	"rm"	"de"
317	223	2018-11-19	1	"nein"	2019-12-24T16:13:05	"Engler, Stefan"	"SR"	"GR"	"M"	"M-E"	"KVF-SR, RK-SR, SPK-SR, WAK-SR"	2011-12-05		"M"	1960-05-30	4055	2768	"rm"	"de"
62	223	2017-05-27	1	"nein"	2019-12-24T16:13:39	"Engler, Stefan"	"SR"	"GR"	"M"	"M-E"	"KVF-SR, RK-SR, SPK-SR, WAK-SR"	2011-12-05		"M"	1960-05-30	4055	2768	"rm"	"de"
1047	75	2020-12-31	1	"ja"	2021-01-25T20:41:11	"Estermann, Yvette"	"NR"	"LU"	"SVP"	"V"	"APK-NR, Bü-NR, GPK-NR"	2007-12-03		"F"	1967-02-26	3876	2679	"sk"	"de"
563	75	2019-09-23	1	"ja"	2019-12-24T16:11:58	"Estermann, Yvette"	"NR"	"LU"	"SVP"	"V"	"APK-NR, Bü-NR, GPK-NR"	2007-12-03		"F"	1967-02-26	3876	2679	"sk"	"de"
318	75	2018-11-19	1	"nein"	2019-12-24T16:13:05	"Estermann, Yvette"	"NR"	"LU"	"SVP"	"V"	"APK-NR, Bü-NR, GPK-NR"	2007-12-03		"F"	1967-02-26	3876	2679	"sk"	"de"
63	75	2017-05-27	1	"nein"	2019-12-24T16:13:39	"Estermann, Yvette"	"NR"	"LU"	"SVP"	"V"	"APK-NR, Bü-NR, GPK-NR"	2007-12-03		"F"	1967-02-26	3876	2679	"sk"	"de"
564	316	2019-09-23	1	"nein"	2019-12-24T16:11:58	"Ettlin, Erich"	"SR"	"OW"	"M"	"M-E"	"FK-SR, RedK-V, SGK-SR, WAK-SR"	2015-11-30		"M"	1962-05-30	4206	3107	"de"	"de"
319	316	2018-11-19	1	"nein"	2019-12-24T16:13:05	"Ettlin, Erich"	"SR"	"OW"	"M"	"M-E"	"FK-SR, RedK-V, SGK-SR, WAK-SR"	2015-11-30		"M"	1962-05-30	4206	3107	"de"	"de"
64	316	2017-05-27	1	"nein"	2019-12-24T16:13:39	"Ettlin, Erich"	"SR"	"OW"	"M"	"M-E"	"FK-SR, RedK-V, SGK-SR, WAK-SR"	2015-11-30		"M"	1962-05-30	4206	3107	"de"	"de"
565	279	2019-09-23	1	"nein"	2019-12-24T16:11:58	"Eymann, Christoph"	"NR"	"BS"	"LDP"	"RL"	"RK-NR, WBK-NR"	1991-11-25		"M"	1951-01-15	74	2287	"de"	"de"
320	279	2018-11-19	1	"teilweise"	2019-12-24T16:13:05	"Eymann, Christoph"	"NR"	"BS"	"LDP"	"RL"	"RK-NR, WBK-NR"	1991-11-25		"M"	1951-01-15	74	2287	"de"	"de"
65	279	2017-05-27	1	"nein"	2019-12-24T16:13:39	"Eymann, Christoph"	"NR"	"BS"	"LDP"	"RL"	"RK-NR, WBK-NR"	1991-11-25		"M"	1951-01-15	74	2287	"de"	"de"
566	76	2019-09-23	1	"nein"	2019-12-24T16:11:58	"Fässler, Daniel"	"SR"	"AI"	"M"	"M-E"	"BeK-V, Del I-V, GPK-SR, OSZE, SPK-SR, UREK-SR"	2011-12-05		"M"	1960-08-22	4056	2767	"de"	"de"
321	76	2018-11-19	1	"nein"	2019-12-24T16:13:05	"Fässler, Daniel"	"SR"	"AI"	"M"	"M-E"	"BeK-V, Del I-V, GPK-SR, OSZE, SPK-SR, UREK-SR"	2011-12-05		"M"	1960-08-22	4056	2767	"de"	"de"
66	76	2017-05-27	1	"nein"	2019-12-24T16:13:39	"Fässler, Daniel"	"SR"	"AI"	"M"	"M-E"	"BeK-V, Del I-V, GPK-SR, OSZE, SPK-SR, UREK-SR"	2011-12-05		"M"	1960-08-22	4056	2767	"de"	"de"
567	280	2019-09-23	1	"ja"	2019-12-24T16:11:58	"Fehlmann Rielle, Laurence"	"NR"	"GE"	"SP"	"S"	"IK-NR, IPU, RK-NR"	2015-11-30		"F"	1955-09-11	4195	3071	"fr"	"fr"
322	280	2018-11-19	1	"ja"	2019-12-24T16:13:05	"Fehlmann Rielle, Laurence"	"NR"	"GE"	"SP"	"S"	"IK-NR, IPU, RK-NR"	2015-11-30		"F"	1955-09-11	4195	3071	"fr"	"fr"
67	280	2017-05-27	1	"nein"	2019-12-24T16:13:39	"Fehlmann Rielle, Laurence"	"NR"	"GE"	"SP"	"S"	"IK-NR, IPU, RK-NR"	2015-11-30		"F"	1955-09-11	4195	3071	"fr"	"fr"
568	79	2019-09-23	1	"ja"	2019-12-24T16:11:58	"Feller, Olivier"	"NR"	"VD"	"FDP"	"RL"	"FK-NR"	2011-12-05		"M"	1974-08-30	4077	2789	"fr"	"fr"
323	79	2018-11-19	1	"ja"	2019-12-24T16:13:05	"Feller, Olivier"	"NR"	"VD"	"FDP"	"RL"	"FK-NR"	2011-12-05		"M"	1974-08-30	4077	2789	"fr"	"fr"
68	79	2017-05-27	1	"nein"	2019-12-24T16:13:39	"Feller, Olivier"	"NR"	"VD"	"FDP"	"RL"	"FK-NR"	2011-12-05		"M"	1974-08-30	4077	2789	"fr"	"fr"
569	80	2019-09-23	1	"ja"	2019-12-24T16:11:58	"Feri, Yvonne"	"NR"	"AG"	"SP"	"S"	"GPDel-V, GPK-NR, SGK-NR"	2011-12-05		"F"	1966-03-21	4069	2777	"de"	"de"
324	80	2018-11-19	1	"nein"	2019-12-24T16:13:05	"Feri, Yvonne"	"NR"	"AG"	"SP"	"S"	"GPDel-V, GPK-NR, SGK-NR"	2011-12-05		"F"	1966-03-21	4069	2777	"de"	"de"
69	80	2017-05-27	1	"teilweise"	2019-12-24T16:13:39	"Feri, Yvonne"	"NR"	"AG"	"SP"	"S"	"GPDel-V, GPK-NR, SGK-NR"	2011-12-05		"F"	1966-03-21	4069	2777	"de"	"de"
571	81	2019-09-23	1	"nein"	2019-12-24T16:11:58	"Fiala, Doris"	"NR"	"ZH"	"FDP"	"RL"	"Del D-V, SiK-NR"	2007-12-03		"F"	1957-01-29	3877	2680	"de"	"de"
326	81	2018-11-19	1	"nein"	2019-12-24T16:13:05	"Fiala, Doris"	"NR"	"ZH"	"FDP"	"RL"	"Del D-V, SiK-NR"	2007-12-03		"F"	1957-01-29	3877	2680	"de"	"de"
71	81	2017-05-27	1	"nein"	2019-12-24T16:13:39	"Fiala, Doris"	"NR"	"ZH"	"FDP"	"RL"	"Del D-V, SiK-NR"	2007-12-03		"F"	1957-01-29	3877	2680	"de"	"de"
572	83	2019-09-23	1	"nein"	2019-12-24T16:11:58	"Flach, Beat"	"NR"	"AG"	"GLP"	"GL"	"BeK-V, RK-NR, SiK-NR"	2011-12-05		"M"	1965-01-21	4059	2765	"de"	"de"
327	83	2018-11-19	1	"nein"	2019-12-24T16:13:05	"Flach, Beat"	"NR"	"AG"	"GLP"	"GL"	"BeK-V, RK-NR, SiK-NR"	2011-12-05		"M"	1965-01-21	4059	2765	"de"	"de"
72	83	2017-05-27	1	"nein"	2019-12-24T16:13:39	"Flach, Beat"	"NR"	"AG"	"GLP"	"GL"	"BeK-V, RK-NR, SiK-NR"	2011-12-05		"M"	1965-01-21	4059	2765	"de"	"de"
574	85	2019-09-23	1	"ja"	2019-12-24T16:11:58	"Fluri, Kurt"	"NR"	"SO"	"FDP"	"RL"	"KVF-NR, SPK-NR"	2003-12-01		"M"	1955-08-19	1122	2594	"de"	"de"
329	85	2018-11-19	1	"nein"	2019-12-24T16:13:05	"Fluri, Kurt"	"NR"	"SO"	"FDP"	"RL"	"KVF-NR, SPK-NR"	2003-12-01		"M"	1955-08-19	1122	2594	"de"	"de"
74	85	2017-05-27	1	"ja"	2019-12-24T16:13:39	"Fluri, Kurt"	"NR"	"SO"	"FDP"	"RL"	"KVF-NR, SPK-NR"	2003-12-01		"M"	1955-08-19	1122	2594	"de"	"de"
1060	86	2020-12-31	1	"nein"	2021-04-18T11:41:52	"Français, Olivier"	"SR"	"VD"	"FDP"	"RL"	"Del F-V, ERD-V, FK-SR, KVF-SR, SiK-SR"	2007-12-03		"M"	1955-10-01	3879	2682	"fr"	"fr"
577	86	2019-09-23	1	"nein"	2019-12-24T16:11:58	"Français, Olivier"	"SR"	"VD"	"FDP"	"RL"	"Del F-V, ERD-V, FK-SR, KVF-SR, SiK-SR"	2007-12-03		"M"	1955-10-01	3879	2682	"fr"	"fr"
332	86	2018-11-19	1	"nein"	2019-12-24T16:13:05	"Français, Olivier"	"SR"	"VD"	"FDP"	"RL"	"Del F-V, ERD-V, FK-SR, KVF-SR, SiK-SR"	2007-12-03		"M"	1955-10-01	3879	2682	"fr"	"fr"
77	86	2017-05-27	1	"nein"	2019-12-24T16:13:39	"Français, Olivier"	"SR"	"VD"	"FDP"	"RL"	"Del F-V, ERD-V, FK-SR, KVF-SR, SiK-SR"	2007-12-03		"M"	1955-10-01	3879	2682	"fr"	"fr"
580	88	2019-09-23	1	"ja"	2019-12-24T16:11:58	"Fridez, Pierre-Alain"	"NR"	"JU"	"SP"	"S"	"APF-V, Bü-NR, ERD-V, NATO-V, SiK-NR"	2011-12-05		"M"	1957-11-20	4074	2778	"fr"	"fr"
334	88	2018-11-19	1	"nein"	2019-12-24T16:13:05	"Fridez, Pierre-Alain"	"NR"	"JU"	"SP"	"S"	"APF-V, Bü-NR, ERD-V, NATO-V, SiK-NR"	2011-12-05		"M"	1957-11-20	4074	2778	"fr"	"fr"
80	88	2017-05-27	1	"nein"	2019-12-24T16:13:39	"Fridez, Pierre-Alain"	"NR"	"JU"	"SP"	"S"	"APF-V, Bü-NR, ERD-V, NATO-V, SiK-NR"	2011-12-05		"M"	1957-11-20	4074	2778	"fr"	"fr"
581	89	2019-09-23	1	"ja"	2019-12-24T16:11:58	"Friedl, Claudia"	"NR"	"SG"	"SP"	"S"	"APK-NR, Del A-V, Del FL-V, FK-NR, OSZE"	2013-03-04		"F"	1960-07-19	4131	3035	"de"	"de"
335	89	2018-11-19	1	"nein"	2019-12-24T16:13:05	"Friedl, Claudia"	"NR"	"SG"	"SP"	"S"	"APK-NR, Del A-V, Del FL-V, FK-NR, OSZE"	2013-03-04		"F"	1960-07-19	4131	3035	"de"	"de"
81	89	2017-05-27	1	"ja"	2019-12-24T16:13:39	"Friedl, Claudia"	"NR"	"SG"	"SP"	"S"	"APK-NR, Del A-V, Del FL-V, FK-NR, OSZE"	2013-03-04		"F"	1960-07-19	4131	3035	"de"	"de"
1068	93	2020-12-31	1	"ja"	2021-01-22T16:57:35	"Geissbühler, Andrea Martina"	"NR"	"BE"	"SVP"	"V"	"RK-NR"	2007-12-03		"F"	1976-08-03	3880	2683	"de"	"de"
582	93	2019-09-23	1	"ja"	2019-12-24T16:11:58	"Geissbühler, Andrea Martina"	"NR"	"BE"	"SVP"	"V"	"RK-NR"	2007-12-03		"F"	1976-08-03	3880	2683	"de"	"de"
337	93	2018-11-19	1	"ja"	2019-12-24T16:13:05	"Geissbühler, Andrea Martina"	"NR"	"BE"	"SVP"	"V"	"RK-NR"	2007-12-03		"F"	1976-08-03	3880	2683	"de"	"de"
84	93	2017-05-27	1	"ja"	2019-12-24T16:13:39	"Geissbühler, Andrea Martina"	"NR"	"BE"	"SVP"	"V"	"RK-NR"	2007-12-03		"F"	1976-08-03	3880	2683	"de"	"de"
584	227	2019-09-23	1	"nein"	2019-12-24T16:11:58	"Germann, Hannes"	"SR"	"SH"	"SVP"	"V"	"EFTA/EU, ERD-V, GK-V, SGK-SR, WAK-SR, WBK-SR"	2002-09-16		"M"	1956-07-01	825	2575	"de"	"de"
339	227	2018-11-19	1	"nein"	2019-12-24T16:13:05	"Germann, Hannes"	"SR"	"SH"	"SVP"	"V"	"EFTA/EU, ERD-V, GK-V, SGK-SR, WAK-SR, WBK-SR"	2002-09-16		"M"	1956-07-01	825	2575	"de"	"de"
86	227	2017-05-27	1	"nein"	2019-12-24T16:13:39	"Germann, Hannes"	"SR"	"SH"	"SVP"	"V"	"EFTA/EU, ERD-V, GK-V, SGK-SR, WAK-SR, WBK-SR"	2002-09-16		"M"	1956-07-01	825	2575	"de"	"de"
1071	360	2020-12-31	1	"nein"	2020-01-16T13:45:24	"Giezendanner, Benjamin"	"NR"	"AG"	"SVP"	"V"	"KVF-NR"	2019-12-01		"M"	1982-04-22	4266	3158	"de"	"de"
825	360	2020-01-30	1	"nein"	2020-01-16T13:45:24	"Giezendanner, Benjamin"	"NR"	"AG"	"SVP"	"V"	"KVF-NR"	2019-12-01		"M"	1982-04-22	4266	3158	"de"	"de"
1072	96	2020-12-31	1	"nein"	2021-01-25T19:59:50	"Girod, Bastien"	"NR"	"ZH"	"Grüne"	"G"	"UREK-NR"	2007-12-03		"M"	1980-12-21	3882	2685	"de"	"de"
586	96	2019-09-23	1	"nein"	2019-12-24T16:11:58	"Girod, Bastien"	"NR"	"ZH"	"Grüne"	"G"	"UREK-NR"	2007-12-03		"M"	1980-12-21	3882	2685	"de"	"de"
341	96	2018-11-19	1	"nein"	2019-12-24T16:13:05	"Girod, Bastien"	"NR"	"ZH"	"Grüne"	"G"	"UREK-NR"	2007-12-03		"M"	1980-12-21	3882	2685	"de"	"de"
88	96	2017-05-27	1	"nein"	2019-12-24T16:13:39	"Girod, Bastien"	"NR"	"ZH"	"Grüne"	"G"	"UREK-NR"	2007-12-03		"M"	1980-12-21	3882	2685	"de"	"de"
587	97	2019-09-23	1	"nein"	2019-12-24T16:11:58	"Glanzmann-Hunkeler, Ida"	"NR"	"LU"	"M"	"M-E"	"NATO-V, OSZE, SiK-NR"	2006-09-18		"F"	1958-09-29	1337	2657	"de"	"de"
342	97	2018-11-19	1	"nein"	2019-12-24T16:13:05	"Glanzmann-Hunkeler, Ida"	"NR"	"LU"	"M"	"M-E"	"NATO-V, OSZE, SiK-NR"	2006-09-18		"F"	1958-09-29	1337	2657	"de"	"de"
89	97	2017-05-27	1	"nein"	2019-12-24T16:13:39	"Glanzmann-Hunkeler, Ida"	"NR"	"LU"	"M"	"M-E"	"NATO-V, OSZE, SiK-NR"	2006-09-18		"F"	1958-09-29	1337	2657	"de"	"de"
588	283	2019-09-23	1	"nein"	2019-12-24T16:11:58	"Glarner, Andreas"	"NR"	"AG"	"SVP"	"V"	"SGK-NR, SPK-NR"	2015-11-30		"M"	1962-10-09	4161	3074	"de"	"de"
343	283	2018-11-19	1	"ja"	2019-12-24T16:13:05	"Glarner, Andreas"	"NR"	"AG"	"SVP"	"V"	"SGK-NR, SPK-NR"	2015-11-30		"M"	1962-10-09	4161	3074	"de"	"de"
90	283	2017-05-27	1	"ja"	2019-12-24T16:13:39	"Glarner, Andreas"	"NR"	"AG"	"SVP"	"V"	"SGK-NR, SPK-NR"	2015-11-30		"M"	1962-10-09	4161	3074	"de"	"de"
589	98	2019-09-23	1	"ja"	2019-12-24T16:11:58	"Glättli, Balthasar"	"NR"	"ZH"	"Grüne"	"G"	"SPK-NR"	2011-12-05		"M"	1972-02-12	4093	3003	"de"	"de"
344	98	2018-11-19	1	"ja"	2019-12-24T16:13:05	"Glättli, Balthasar"	"NR"	"ZH"	"Grüne"	"G"	"SPK-NR"	2011-12-05		"M"	1972-02-12	4093	3003	"de"	"de"
91	98	2017-05-27	1	"ja"	2019-12-24T16:13:39	"Glättli, Balthasar"	"NR"	"ZH"	"Grüne"	"G"	"SPK-NR"	2011-12-05		"M"	1972-02-12	4093	3003	"de"	"de"
592	284	2019-09-23	1	"nein"	2019-12-24T16:11:58	"Gmür-Schönenberger, Andrea"	"SR"	"LU"	"M"	"M-E"	"APK-SR, SiK-SR, WBK-SR"	2015-11-30		"F"	1964-07-17	4181	3075	"de"	"de"
347	284	2018-11-19	1	"teilweise"	2019-12-24T16:13:05	"Gmür-Schönenberger, Andrea"	"SR"	"LU"	"M"	"M-E"	"APK-SR, SiK-SR, WBK-SR"	2015-11-30		"F"	1964-07-17	4181	3075	"de"	"de"
94	284	2017-05-27	1	"nein"	2019-12-24T16:13:39	"Gmür-Schönenberger, Andrea"	"SR"	"LU"	"M"	"M-E"	"APK-SR, SiK-SR, WBK-SR"	2015-11-30		"F"	1964-07-17	4181	3075	"de"	"de"
591	99	2019-09-23	1	"nein"	2019-12-24T16:11:58	"Gmür, Alois"	"NR"	"SZ"	"M"	"M-E"	"FK-NR, SiK-NR"	2011-12-05		"M"	1955-04-03	4096	3001	"de"	"de"
346	99	2018-11-19	1	"nein"	2019-12-24T16:13:05	"Gmür, Alois"	"NR"	"SZ"	"M"	"M-E"	"FK-NR, SiK-NR"	2011-12-05		"M"	1955-04-03	4096	3001	"de"	"de"
93	99	2017-05-27	1	"nein"	2019-12-24T16:13:39	"Gmür, Alois"	"NR"	"SZ"	"M"	"M-E"	"FK-NR, SiK-NR"	2011-12-05		"M"	1955-04-03	4096	3001	"de"	"de"
594	101	2019-09-23	1	"nein"	2019-12-24T16:11:58	"Gössi, Petra"	"NR"	"SZ"	"FDP"	"RL"	"WAK-NR"	2011-12-05		"F"	1976-01-12	4116	3023	"de"	"de"
349	101	2018-11-19	1	"nein"	2019-12-24T16:13:05	"Gössi, Petra"	"NR"	"SZ"	"FDP"	"RL"	"WAK-NR"	2011-12-05		"F"	1976-01-12	4116	3023	"de"	"de"
96	101	2017-05-27	1	"nein"	2019-12-24T16:13:39	"Gössi, Petra"	"NR"	"SZ"	"FDP"	"RL"	"WAK-NR"	2011-12-05		"F"	1976-01-12	4116	3023	"de"	"de"
597	103	2019-09-23	1	"ja"	2019-12-24T16:11:58	"Graf-Litscher, Edith"	"NR"	"TG"	"SP"	"S"	"Bü-NR, KVF-NR, SiK-NR"	2005-05-30		"F"	1964-03-25	1295	2652	"de"	"de"
352	103	2018-11-19	1	"nein"	2019-12-24T16:13:05	"Graf-Litscher, Edith"	"NR"	"TG"	"SP"	"S"	"Bü-NR, KVF-NR, SiK-NR"	2005-05-30		"F"	1964-03-25	1295	2652	"de"	"de"
99	103	2017-05-27	1	"nein"	2019-12-24T16:13:39	"Graf-Litscher, Edith"	"NR"	"TG"	"SP"	"S"	"Bü-NR, KVF-NR, SiK-NR"	2005-05-30		"F"	1964-03-25	1295	2652	"de"	"de"
596	102	2019-09-23	1	"ja"	2019-12-24T16:11:58	"Graf, Maya"	"SR"	"BL"	"Grüne"	"G"	"GPDel-V, GPK-SR, SGK-SR, WBK-SR"	2001-06-05		"F"	1962-02-28	806	2569	"de"	"de"
351	102	2018-11-19	1	"nein"	2019-12-24T16:13:05	"Graf, Maya"	"SR"	"BL"	"Grüne"	"G"	"GPDel-V, GPK-SR, SGK-SR, WBK-SR"	2001-06-05		"F"	1962-02-28	806	2569	"de"	"de"
98	102	2017-05-27	1	"nein"	2019-12-24T16:13:39	"Graf, Maya"	"SR"	"BL"	"Grüne"	"G"	"GPDel-V, GPK-SR, SGK-SR, WBK-SR"	2001-06-05		"F"	1962-02-28	806	2569	"de"	"de"
598	104	2019-09-23	1	"nein"	2019-12-24T16:11:58	"Grin, Jean-Pierre"	"NR"	"VD"	"SVP"	"V"	"APF-V, ERD-V, FK-NR"	2007-12-03		"M"	1947-03-16	3885	2688	"fr"	"fr"
353	104	2018-11-19	1	"nein"	2019-12-24T16:13:05	"Grin, Jean-Pierre"	"NR"	"VD"	"SVP"	"V"	"APF-V, ERD-V, FK-NR"	2007-12-03		"M"	1947-03-16	3885	2688	"fr"	"fr"
100	104	2017-05-27	1	"nein"	2019-12-24T16:13:39	"Grin, Jean-Pierre"	"NR"	"VD"	"SVP"	"V"	"APF-V, ERD-V, FK-NR"	2007-12-03		"M"	1947-03-16	3885	2688	"fr"	"fr"
599	106	2019-09-23	1	"ja"	2019-12-24T16:11:58	"Grossen, Jürg"	"NR"	"BE"	"GLP"	"GL"	"WAK-NR"	2011-12-05		"M"	1969-08-24	4083	2786	"de"	"de"
354	106	2018-11-19	1	"ja"	2019-12-24T16:13:05	"Grossen, Jürg"	"NR"	"BE"	"GLP"	"GL"	"WAK-NR"	2011-12-05		"M"	1969-08-24	4083	2786	"de"	"de"
101	106	2017-05-27	1	"ja"	2019-12-24T16:13:39	"Grossen, Jürg"	"NR"	"BE"	"GLP"	"GL"	"WAK-NR"	2011-12-05		"M"	1969-08-24	4083	2786	"de"	"de"
601	285	2019-09-23	1	"nein"	2019-12-24T16:11:58	"Grüter, Franz"	"NR"	"LU"	"SVP"	"V"	"APK-NR"	2015-11-30		"M"	1963-07-29	4162	3076	"de"	"de"
356	285	2018-11-19	1	"nein"	2019-12-24T16:13:05	"Grüter, Franz"	"NR"	"LU"	"SVP"	"V"	"APK-NR"	2015-11-30		"M"	1963-07-29	4162	3076	"de"	"de"
103	285	2017-05-27	1	"nein"	2019-12-24T16:13:39	"Grüter, Franz"	"NR"	"LU"	"SVP"	"V"	"APK-NR"	2015-11-30		"M"	1963-07-29	4162	3076	"de"	"de"
602	108	2019-09-23	1	"ja"	2019-12-24T16:11:58	"Gschwind, Jean-Paul"	"NR"	"JU"	"M"	"M-E"	"FinDel-V, FK-NR"	2011-12-05		"M"	1952-10-31	4087	2798	"fr"	"fr"
357	108	2018-11-19	1	"ja"	2019-12-24T16:13:05	"Gschwind, Jean-Paul"	"NR"	"JU"	"M"	"M-E"	"FinDel-V, FK-NR"	2011-12-05		"M"	1952-10-31	4087	2798	"fr"	"fr"
104	108	2017-05-27	1	"nein"	2019-12-24T16:13:39	"Gschwind, Jean-Paul"	"NR"	"JU"	"M"	"M-E"	"FinDel-V, FK-NR"	2011-12-05		"M"	1952-10-31	4087	2798	"fr"	"fr"
603	327	2019-09-23	1	"nein"	2019-12-24T16:11:58	"Gugger, Niklaus-Samuel"	"NR"	"ZH"	"EVP"	"M-E"	"APK-NR, ERD-V"	2017-11-27		"M"	1970-05-01	4214	3115	"de"	"de"
358	327	2018-11-19	1	"nein"	2019-12-24T16:13:05	"Gugger, Niklaus-Samuel"	"NR"	"ZH"	"EVP"	"M-E"	"APK-NR, ERD-V"	2017-11-27		"M"	1970-05-01	4214	3115	"de"	"de"
605	328	2019-09-23	1	"ja"	2019-12-24T16:11:58	"Gutjahr, Diana"	"NR"	"TG"	"SVP"	"V"	"WBK-NR"	2017-11-27		"F"	1984-01-13	4216	3117	"de"	"de"
360	328	2018-11-19	1	"teilweise"	2019-12-24T16:13:05	"Gutjahr, Diana"	"NR"	"TG"	"SVP"	"V"	"WBK-NR"	2017-11-27		"F"	1984-01-13	4216	3117	"de"	"de"
606	110	2019-09-23	1	"ja"	2019-12-24T16:11:58	"Gysi, Barbara"	"NR"	"SG"	"SP"	"S"	"FK-NR, SGK-NR"	2011-12-12		"F"	1964-05-14	4121	3026	"de"	"de"
361	110	2018-11-19	1	"ja"	2019-12-24T16:13:05	"Gysi, Barbara"	"NR"	"SG"	"SP"	"S"	"FK-NR, SGK-NR"	2011-12-12		"F"	1964-05-14	4121	3026	"de"	"de"
107	110	2017-05-27	1	"nein"	2019-12-24T16:13:39	"Gysi, Barbara"	"NR"	"SG"	"SP"	"S"	"FK-NR, SGK-NR"	2011-12-12		"F"	1964-05-14	4121	3026	"de"	"de"
1090	396	2020-12-31	1	"ja"	2020-01-16T12:42:29	"Gysin, Greta"	"NR"	"TI"	"Grüne"	"G"	"BeK-V, Del I-V, RedK-V, SPK-NR"	2019-10-20		"F"	1983-10-06	4268	3160	"it"	"de"
844	396	2020-01-30	1	"ja"	2020-01-16T12:42:29	"Gysin, Greta"	"NR"	"TI"	"Grüne"	"G"	"BeK-V, Del I-V, RedK-V, SPK-NR"	2019-10-20		"F"	1983-10-06	4268	3160	"it"	"de"
607	343	2019-09-23	1	"nein"	2019-12-24T16:11:58	"Haab, Martin"	"NR"	"ZH"	"SVP"	"V"	"Del A-V, WBK-NR"	2019-06-03		"M"	1962-05-03	4236	3134	"de"	"de"
608	228	2019-09-23	1	"nein"	2019-12-24T16:11:58	"Häberli-Koller, Brigitte"	"SR"	"TG"	"M"	"M-E"	"Bü-SR, Bü-VBV-V, Del A-V, Del FL-V, KVF-SR, SGK-SR, SiK-SR, VD, WBK-SR"	2003-12-01		"F"	1958-08-23	1106	2600	"de"	"de"
362	228	2018-11-19	1	"nein"	2019-12-24T16:13:05	"Häberli-Koller, Brigitte"	"SR"	"TG"	"M"	"M-E"	"Bü-SR, Bü-VBV-V, Del A-V, Del FL-V, KVF-SR, SGK-SR, SiK-SR, VD, WBK-SR"	2003-12-01		"F"	1958-08-23	1106	2600	"de"	"de"
108	228	2017-05-27	1	"nein"	2019-12-24T16:13:39	"Häberli-Koller, Brigitte"	"SR"	"TG"	"M"	"M-E"	"Bü-SR, Bü-VBV-V, Del A-V, Del FL-V, KVF-SR, SGK-SR, SiK-SR, VD, WBK-SR"	2003-12-01		"F"	1958-08-23	1106	2600	"de"	"de"
613	116	2019-09-23	1	"nein"	2019-12-24T16:11:58	"Heer, Alfred"	"NR"	"ZH"	"SVP"	"V"	"ERD-V, GPDel-V, GPK-NR"	2007-12-03		"M"	1961-10-12	3887	2690	"de"	"de"
367	116	2018-11-19	1	"teilweise"	2019-12-24T16:13:05	"Heer, Alfred"	"NR"	"ZH"	"SVP"	"V"	"ERD-V, GPDel-V, GPK-NR"	2007-12-03		"M"	1961-10-12	3887	2690	"de"	"de"
114	116	2017-05-27	1	"nein"	2019-12-24T16:13:39	"Heer, Alfred"	"NR"	"ZH"	"SVP"	"V"	"ERD-V, GPDel-V, GPK-NR"	2007-12-03		"M"	1961-10-12	3887	2690	"de"	"de"
614	230	2019-09-23	1	"nein"	2019-12-24T16:11:58	"Hefti, Thomas"	"SR"	"GL"	"FDP"	"RL"	"Bü-SR, Bü-VBV-V, FinDel-V, FK-SR, RK-SR, SPK-SR, VD"	2014-03-03		"M"	1959-10-30	4139	3041	"de"	"de"
368	230	2018-11-19	1	"nein"	2019-12-24T16:13:05	"Hefti, Thomas"	"SR"	"GL"	"FDP"	"RL"	"Bü-SR, Bü-VBV-V, FinDel-V, FK-SR, RK-SR, SPK-SR, VD"	2014-03-03		"M"	1959-10-30	4139	3041	"de"	"de"
115	230	2017-05-27	1	"nein"	2019-12-24T16:13:39	"Hefti, Thomas"	"SR"	"GL"	"FDP"	"RL"	"Bü-SR, Bü-VBV-V, FinDel-V, FK-SR, RK-SR, SPK-SR, VD"	2014-03-03		"M"	1959-10-30	4139	3041	"de"	"de"
615	317	2019-09-23	1	"nein"	2019-12-24T16:11:58	"Hegglin, Peter"	"SR"	"ZG"	"M"	"M-E"	"FinDel-V, FK-SR, SGK-SR, WAK-SR"	2015-11-30		"M"	1960-12-25	4153	3053	"de"	"de"
369	317	2018-11-19	1	"nein"	2019-12-24T16:13:05	"Hegglin, Peter"	"SR"	"ZG"	"M"	"M-E"	"FinDel-V, FK-SR, SGK-SR, WAK-SR"	2015-11-30		"M"	1960-12-25	4153	3053	"de"	"de"
116	317	2017-05-27	1	"nein"	2019-12-24T16:13:39	"Hegglin, Peter"	"SR"	"ZG"	"M"	"M-E"	"FinDel-V, FK-SR, SGK-SR, WAK-SR"	2015-11-30		"M"	1960-12-25	4153	3053	"de"	"de"
617	117	2019-09-23	1	"nein"	2019-12-24T16:11:58	"Herzog, Verena"	"NR"	"TG"	"SVP"	"V"	"SGK-NR, WBK-NR"	2013-03-04		"F"	1956-02-07	4129	3033	"de"	"de"
371	117	2018-11-19	1	"nein"	2019-12-24T16:13:05	"Herzog, Verena"	"NR"	"TG"	"SVP"	"V"	"SGK-NR, WBK-NR"	2013-03-04		"F"	1956-02-07	4129	3033	"de"	"de"
118	117	2017-05-27	1	"nein"	2019-12-24T16:13:39	"Herzog, Verena"	"NR"	"TG"	"SVP"	"V"	"SGK-NR, WBK-NR"	2013-03-04		"F"	1956-02-07	4129	3033	"de"	"de"
618	287	2019-09-23	1	"nein"	2019-12-24T16:11:58	"Hess, Erich"	"NR"	"BE"	"SVP"	"V"	"BeK-V, GPK-NR, SiK-NR"	2015-11-30		"M"	1981-03-25	4163	3078	"de"	"de"
372	287	2018-11-19	1	"nein"	2019-12-24T16:13:05	"Hess, Erich"	"NR"	"BE"	"SVP"	"V"	"BeK-V, GPK-NR, SiK-NR"	2015-11-30		"M"	1981-03-25	4163	3078	"de"	"de"
119	287	2017-05-27	1	"nein"	2019-12-24T16:13:39	"Hess, Erich"	"NR"	"BE"	"SVP"	"V"	"BeK-V, GPK-NR, SiK-NR"	2015-11-30		"M"	1981-03-25	4163	3078	"de"	"de"
1100	11	2020-12-31	1	"nein"	2021-01-25T19:51:10	"Hess, Lorenz"	"NR"	"BE"	"M"	"M-E"	"GK-V, SGK-NR"	2011-12-05		"M"	1961-06-28	4094	2799	"de"	"de"
619	11	2019-09-23	1	"nein"	2019-12-24T16:11:58	"Hess, Lorenz"	"NR"	"BE"	"M"	"M-E"	"GK-V, SGK-NR"	2011-12-05		"M"	1961-06-28	4094	2799	"de"	"de"
373	11	2018-11-19	1	"nein"	2019-12-24T16:13:05	"Hess, Lorenz"	"NR"	"BE"	"M"	"M-E"	"GK-V, SGK-NR"	2011-12-05		"M"	1961-06-28	4094	2799	"de"	"de"
121	11	2017-05-27	1	"nein"	2019-12-24T16:13:39	"Hess, Lorenz"	"NR"	"BE"	"M"	"M-E"	"GK-V, SGK-NR"	2011-12-05		"M"	1961-06-28	4094	2799	"de"	"de"
1101	12	2020-12-31	1	"nein"	2021-01-25T20:14:10	"Humbel, Ruth"	"NR"	"AG"	"M"	"M-E"	"BeK-V, SGK-NR"	2003-09-15		"F"	1957-07-23	1071	2580	"de"	"de"
622	12	2019-09-23	1	"nein"	2019-12-24T16:11:58	"Humbel, Ruth"	"NR"	"AG"	"M"	"M-E"	"BeK-V, SGK-NR"	2003-09-15		"F"	1957-07-23	1071	2580	"de"	"de"
376	12	2018-11-19	1	"nein"	2019-12-24T16:13:05	"Humbel, Ruth"	"NR"	"AG"	"M"	"M-E"	"BeK-V, SGK-NR"	2003-09-15		"F"	1957-07-23	1071	2580	"de"	"de"
124	12	2017-05-27	1	"nein"	2019-12-24T16:13:39	"Humbel, Ruth"	"NR"	"AG"	"M"	"M-E"	"BeK-V, SGK-NR"	2003-09-15		"F"	1957-07-23	1071	2580	"de"	"de"
1103	120	2020-12-31	1	"nein"	2021-04-18T11:39:02	"Hurter, Thomas"	"NR"	"SH"	"SVP"	"V"	"IPU, KVF-NR, SiK-NR"	2007-12-03		"M"	1963-11-01	3890	2693	"de"	"de"
623	120	2019-09-23	1	"nein"	2019-12-24T16:11:58	"Hurter, Thomas"	"NR"	"SH"	"SVP"	"V"	"IPU, KVF-NR, SiK-NR"	2007-12-03		"M"	1963-11-01	3890	2693	"de"	"de"
377	120	2018-11-19	1	"nein"	2019-12-24T16:13:05	"Hurter, Thomas"	"NR"	"SH"	"SVP"	"V"	"IPU, KVF-NR, SiK-NR"	2007-12-03		"M"	1963-11-01	3890	2693	"de"	"de"
125	120	2017-05-27	1	"ja"	2019-12-24T16:13:39	"Hurter, Thomas"	"NR"	"SH"	"SVP"	"V"	"IPU, KVF-NR, SiK-NR"	2007-12-03		"M"	1963-11-01	3890	2693	"de"	"de"
624	289	2019-09-23	1	"nein"	2019-12-24T16:11:58	"Imark, Christian"	"NR"	"SO"	"SVP"	"V"	"GPK-NR, UREK-NR"	2015-11-30		"M"	1982-01-29	4164	3080	"de"	"de"
378	289	2018-11-19	1	"nein"	2019-12-24T16:13:05	"Imark, Christian"	"NR"	"SO"	"SVP"	"V"	"GPK-NR, UREK-NR"	2015-11-30		"M"	1982-01-29	4164	3080	"de"	"de"
126	289	2017-05-27	1	"nein"	2019-12-24T16:13:39	"Imark, Christian"	"NR"	"SO"	"SVP"	"V"	"GPK-NR, UREK-NR"	2015-11-30		"M"	1982-01-29	4164	3080	"de"	"de"
627	314	2019-09-23	1	"teilweise"	2019-12-24T16:11:58	"Jauslin, Matthias Samuel"	"NR"	"AG"	"FDP"	"RL"	"GPK-NR, UREK-NR"	2015-11-30		"M"	1962-04-20	4208	3109	"de"	"de"
381	314	2018-11-19	1	"nein"	2019-12-24T16:13:05	"Jauslin, Matthias Samuel"	"NR"	"AG"	"FDP"	"RL"	"GPK-NR, UREK-NR"	2015-11-30		"M"	1962-04-20	4208	3109	"de"	"de"
130	314	2017-05-27	1	"ja"	2019-12-24T16:13:39	"Jauslin, Matthias Samuel"	"NR"	"AG"	"FDP"	"RL"	"GPK-NR, UREK-NR"	2015-11-30		"M"	1962-04-20	4208	3109	"de"	"de"
628	125	2019-09-23	1	"nein"	2019-12-24T16:11:58	"Jositsch, Daniel"	"SR"	"ZH"	"SP"	"S"	"APK-SR, IPU, RK-SR, SiK-SR, SPK-SR"	2007-12-03		"M"	1965-03-25	3891	2694	"de"	"de"
382	125	2018-11-19	1	"nein"	2019-12-24T16:13:05	"Jositsch, Daniel"	"SR"	"ZH"	"SP"	"S"	"APK-SR, IPU, RK-SR, SiK-SR, SPK-SR"	2007-12-03		"M"	1965-03-25	3891	2694	"de"	"de"
131	125	2017-05-27	1	"nein"	2019-12-24T16:13:39	"Jositsch, Daniel"	"SR"	"ZH"	"SP"	"S"	"APK-SR, IPU, RK-SR, SiK-SR, SPK-SR"	2007-12-03		"M"	1965-03-25	3891	2694	"de"	"de"
629	329	2019-09-23	1	"teilweise"	2019-12-24T16:11:58	"Kälin, Irène"	"NR"	"AG"	"Grüne"	"G"	"Bü-NR, Bü-VBV-V, SPK-NR, VD"	2017-11-27		"F"	1987-02-06	4218	3119	"de"	"de"
383	329	2018-11-19	1	"nein"	2019-12-24T16:13:05	"Kälin, Irène"	"NR"	"AG"	"Grüne"	"G"	"Bü-NR, Bü-VBV-V, SPK-NR, VD"	2017-11-27		"F"	1987-02-06	4218	3119	"de"	"de"
630	127	2019-09-23	1	"nein"	2019-12-24T16:11:58	"Keller, Peter"	"NR"	"NW"	"SVP"	"V"	"WBK-NR"	2011-12-05		"M"	1971-04-22	4098	3013	"de"	"de"
384	127	2018-11-19	1	"teilweise"	2019-12-24T16:13:05	"Keller, Peter"	"NR"	"NW"	"SVP"	"V"	"WBK-NR"	2011-12-05		"M"	1971-04-22	4098	3013	"de"	"de"
132	127	2017-05-27	1	"nein"	2019-12-24T16:13:39	"Keller, Peter"	"NR"	"NW"	"SVP"	"V"	"WBK-NR"	2011-12-05		"M"	1971-04-22	4098	3013	"de"	"de"
633	131	2019-09-23	1	"nein"	2019-12-24T16:11:58	"Knecht, Hansjörg"	"SR"	"AG"	"SVP"	"V"	"Del D-V, FK-SR, KVF-SR, UREK-SR"	2011-12-05		"M"	1960-03-24	4114	3021	"de"	"de"
388	131	2018-11-19	1	"nein"	2019-12-24T16:13:05	"Knecht, Hansjörg"	"SR"	"AG"	"SVP"	"V"	"Del D-V, FK-SR, KVF-SR, UREK-SR"	2011-12-05		"M"	1960-03-24	4114	3021	"de"	"de"
136	131	2017-05-27	1	"nein"	2019-12-24T16:13:39	"Knecht, Hansjörg"	"SR"	"AG"	"SVP"	"V"	"Del D-V, FK-SR, KVF-SR, UREK-SR"	2011-12-05		"M"	1960-03-24	4114	3021	"de"	"de"
634	291	2019-09-23	1	"ja"	2019-12-24T16:11:58	"Köppel, Roger"	"NR"	"ZH"	"SVP"	"V"	"APK-NR, Del D-V"	2015-11-30		"M"	1965-03-21	4166	3082	"de"	"de"
389	291	2018-11-19	1	"teilweise"	2019-12-24T16:13:05	"Köppel, Roger"	"NR"	"ZH"	"SVP"	"V"	"APK-NR, Del D-V"	2015-11-30		"M"	1965-03-21	4166	3082	"de"	"de"
137	291	2017-05-27	1	"nein"	2019-12-24T16:13:39	"Köppel, Roger"	"NR"	"ZH"	"SVP"	"V"	"APK-NR, Del D-V"	2015-11-30		"M"	1965-03-21	4166	3082	"de"	"de"
635	34	2019-09-23	1	"ja"	2019-12-24T16:11:58	"Kuprecht, Alex"	"SR"	"SZ"	"SVP"	"V"	"Bü-SR, Bü-VBV-V, Del A-V, Del FL-V, SGK-SR, SiK-SR, VD, WAK-SR"	2003-12-01		"M"	1957-12-22	1162	2641	"de"	"de"
390	34	2018-11-19	1	"nein"	2019-12-24T16:13:05	"Kuprecht, Alex"	"SR"	"SZ"	"SVP"	"V"	"Bü-SR, Bü-VBV-V, Del A-V, Del FL-V, SGK-SR, SiK-SR, VD, WAK-SR"	2003-12-01		"M"	1957-12-22	1162	2641	"de"	"de"
138	34	2017-05-27	1	"nein"	2019-12-24T16:13:39	"Kuprecht, Alex"	"SR"	"SZ"	"SVP"	"V"	"Bü-SR, Bü-VBV-V, Del A-V, Del FL-V, SGK-SR, SiK-SR, VD, WAK-SR"	2003-12-01		"M"	1957-12-22	1162	2641	"de"	"de"
636	337	2019-09-23	1	"nein"	2019-12-24T16:11:58	"Kutter, Philipp"	"NR"	"ZH"	"M"	"M-E"	"Bü-NR, KVF-NR, WBK-NR"	2018-06-11		"M"	1975-08-31	4225	3126	"de"	"de"
391	337	2018-11-19	1	"nein"	2019-12-24T16:13:05	"Kutter, Philipp"	"NR"	"ZH"	"M"	"M-E"	"Bü-NR, KVF-NR, WBK-NR"	2018-06-11		"M"	1975-08-31	4225	3126	"de"	"de"
1117	132	2020-12-31	1	"nein"	2021-01-25T20:07:19	"Landolt, Martin"	"NR"	"GL"	"M"	"M-E"	"WAK-NR"	2009-03-02		"M"	1968-06-30	4008	2735	"de"	"de"
637	132	2019-09-23	1	"nein"	2019-12-24T16:11:58	"Landolt, Martin"	"NR"	"GL"	"M"	"M-E"	"WAK-NR"	2009-03-02		"M"	1968-06-30	4008	2735	"de"	"de"
392	132	2018-11-19	1	"nein"	2019-12-24T16:13:05	"Landolt, Martin"	"NR"	"GL"	"M"	"M-E"	"WAK-NR"	2009-03-02		"M"	1968-06-30	4008	2735	"de"	"de"
139	132	2017-05-27	1	"nein"	2019-12-24T16:13:39	"Landolt, Martin"	"NR"	"GL"	"M"	"M-E"	"WAK-NR"	2009-03-02		"M"	1968-06-30	4008	2735	"de"	"de"
639	14	2019-09-23	1	"nein"	2019-12-24T16:11:58	"Lohr, Christian"	"NR"	"TG"	"M"	"M-E"	"IPU, SGK-NR"	2011-12-05		"M"	1962-04-05	4118	3024	"de"	"de"
395	14	2018-11-19	1	"nein"	2019-12-24T16:13:05	"Lohr, Christian"	"NR"	"TG"	"M"	"M-E"	"IPU, SGK-NR"	2011-12-05		"M"	1962-04-05	4118	3024	"de"	"de"
142	14	2017-05-27	1	"nein"	2019-12-24T16:13:39	"Lohr, Christian"	"NR"	"TG"	"M"	"M-E"	"IPU, SGK-NR"	2011-12-05		"M"	1962-04-05	4118	3024	"de"	"de"
642	137	2019-09-23	1	"nein"	2019-12-24T16:11:58	"Lüscher, Christian"	"NR"	"GE"	"FDP"	"RL"	"BeK-V, GK-V, RK-NR, WAK-NR"	2007-12-03		"M"	1963-12-06	3895	2698	"fr"	"fr"
398	137	2018-11-19	1	"nein"	2019-12-24T16:13:05	"Lüscher, Christian"	"NR"	"GE"	"FDP"	"RL"	"BeK-V, GK-V, RK-NR, WAK-NR"	2007-12-03		"M"	1963-12-06	3895	2698	"fr"	"fr"
145	137	2017-05-27	1	"nein"	2019-12-24T16:13:39	"Lüscher, Christian"	"NR"	"GE"	"FDP"	"RL"	"BeK-V, GK-V, RK-NR, WAK-NR"	2007-12-03		"M"	1963-12-06	3895	2698	"fr"	"fr"
645	142	2019-09-23	1	"teilweise"	2019-12-24T16:11:58	"Markwalder, Christa"	"NR"	"BE"	"FDP"	"RL"	"APK-NR, APK-NS 20-30, RK-NR"	2003-12-01		"F"	1975-07-27	1139	2614	"de"	"de"
401	142	2018-11-19	1	"ja"	2019-12-24T16:13:05	"Markwalder, Christa"	"NR"	"BE"	"FDP"	"RL"	"APK-NR, APK-NS 20-30, RK-NR"	2003-12-01		"F"	1975-07-27	1139	2614	"de"	"de"
148	142	2017-05-27	1	"nein"	2019-12-24T16:13:39	"Markwalder, Christa"	"NR"	"BE"	"FDP"	"RL"	"APK-NR, APK-NS 20-30, RK-NR"	2003-12-01		"F"	1975-07-27	1139	2614	"de"	"de"
646	143	2019-09-23	1	"ja"	2019-12-24T16:11:58	"Marra, Ada"	"NR"	"VD"	"SP"	"S"	"ERD-V, SPK-NR"	2007-12-03		"F"	1973-03-10	3923	2726	"fr"	"fr"
402	143	2018-11-19	1	"nein"	2019-12-24T16:13:05	"Marra, Ada"	"NR"	"VD"	"SP"	"S"	"ERD-V, SPK-NR"	2007-12-03		"F"	1973-03-10	3923	2726	"fr"	"fr"
149	143	2017-05-27	1	"nein"	2019-12-24T16:13:39	"Marra, Ada"	"NR"	"VD"	"SP"	"S"	"ERD-V, SPK-NR"	2007-12-03		"F"	1973-03-10	3923	2726	"fr"	"fr"
647	293	2019-09-23	1	"ja"	2019-12-24T16:11:58	"Marti, Min Li"	"NR"	"ZH"	"SP"	"S"	"RK-NR, SiK-NR"	2015-11-30		"F"	1974-06-01	4197	3084	"de"	"de"
403	293	2018-11-19	1	"teilweise"	2019-12-24T16:13:05	"Marti, Min Li"	"NR"	"ZH"	"SP"	"S"	"RK-NR, SiK-NR"	2015-11-30		"F"	1974-06-01	4197	3084	"de"	"de"
150	293	2017-05-27	1	"nein"	2019-12-24T16:13:39	"Marti, Min Li"	"NR"	"ZH"	"SP"	"S"	"RK-NR, SiK-NR"	2015-11-30		"F"	1974-06-01	4197	3084	"de"	"de"
648	339	2019-09-23	1	"ja"	2019-12-24T16:11:58	"Marti, Samira"	"NR"	"BL"	"SP"	"S"	"SPK-NR"	2018-12-10		"F"	1994-01-23	4228	3129	"de"	"de"
649	294	2019-09-23	1	"nein"	2019-12-24T16:11:58	"Martullo-Blocher, Magdalena"	"NR"	"GR"	"SVP"	"V"	"WAK-NR"	2015-11-30		"F"	1969-08-13	4167	3085	"de"	"de"
404	294	2018-11-19	1	"nein"	2019-12-24T16:13:05	"Martullo-Blocher, Magdalena"	"NR"	"GR"	"SVP"	"V"	"WAK-NR"	2015-11-30		"F"	1969-08-13	4167	3085	"de"	"de"
151	294	2017-05-27	1	"nein"	2019-12-24T16:13:39	"Martullo-Blocher, Magdalena"	"NR"	"GR"	"SVP"	"V"	"WAK-NR"	2015-11-30		"F"	1969-08-13	4167	3085	"de"	"de"
1132	144	2020-12-31	1	"ja"	2021-02-05T09:28:07	"Masshardt, Nadine"	"NR"	"BE"	"SP"	"S"	"SPK-NR, UREK-NR"	2013-03-04		"F"	1984-10-04	4130	3034	"de"	"de"
650	144	2019-09-23	1	"ja"	2019-12-24T16:11:58	"Masshardt, Nadine"	"NR"	"BE"	"SP"	"S"	"SPK-NR, UREK-NR"	2013-03-04		"F"	1984-10-04	4130	3034	"de"	"de"
405	144	2018-11-19	1	"ja"	2019-12-24T16:13:05	"Masshardt, Nadine"	"NR"	"BE"	"SP"	"S"	"SPK-NR, UREK-NR"	2013-03-04		"F"	1984-10-04	4130	3034	"de"	"de"
152	144	2017-05-27	1	"ja"	2019-12-24T16:13:39	"Masshardt, Nadine"	"NR"	"BE"	"SP"	"S"	"SPK-NR, UREK-NR"	2013-03-04		"F"	1984-10-04	4130	3034	"de"	"de"
651	250	2019-09-23	1	"nein"	2019-12-24T16:11:58	"Matter, Thomas"	"NR"	"ZH"	"SVP"	"V"	"EFTA/EU, WAK-NR"	2014-06-01		"M"	1966-03-23	4144	3046	"de"	"de"
406	250	2018-11-19	1	"nein"	2019-12-24T16:13:05	"Matter, Thomas"	"NR"	"ZH"	"SVP"	"V"	"EFTA/EU, WAK-NR"	2014-06-01		"M"	1966-03-23	4144	3046	"de"	"de"
153	250	2017-05-27	1	"nein"	2019-12-24T16:13:39	"Matter, Thomas"	"NR"	"ZH"	"SVP"	"V"	"EFTA/EU, WAK-NR"	2014-06-01		"M"	1966-03-23	4144	3046	"de"	"de"
653	295	2019-09-23	1	"ja"	2019-12-24T16:11:58	"Mazzone, Lisa"	"SR"	"GE"	"Grüne"	"G"	"BeK-V, Bü-SR, Del F-V, KVF-SR, RedK-V, RK-SR, SPK-SR, UREK-SR"	2015-11-30		"F"	1988-01-25	4186	3086	"fr"	"fr"
408	295	2018-11-19	1	"ja"	2019-12-24T16:13:05	"Mazzone, Lisa"	"SR"	"GE"	"Grüne"	"G"	"BeK-V, Bü-SR, Del F-V, KVF-SR, RedK-V, RK-SR, SPK-SR, UREK-SR"	2015-11-30		"F"	1988-01-25	4186	3086	"fr"	"fr"
155	295	2017-05-27	1	"ja"	2019-12-24T16:13:39	"Mazzone, Lisa"	"SR"	"GE"	"Grüne"	"G"	"BeK-V, Bü-SR, Del F-V, KVF-SR, RedK-V, RK-SR, SPK-SR, UREK-SR"	2015-11-30		"F"	1988-01-25	4186	3086	"fr"	"fr"
1137	296	2020-12-31	1	"ja"	2020-12-04T09:34:54	"Meyer, Mattea"	"NR"	"ZH"	"SP"	"S"	"IK-NR, SGK-NR"	2015-11-30		"F"	1987-11-09	4198	3087	"de"	"de"
655	296	2019-09-23	1	"ja"	2019-12-24T16:11:58	"Meyer, Mattea"	"NR"	"ZH"	"SP"	"S"	"IK-NR, SGK-NR"	2015-11-30		"F"	1987-11-09	4198	3087	"de"	"de"
410	296	2018-11-19	1	"ja"	2019-12-24T16:13:05	"Meyer, Mattea"	"NR"	"ZH"	"SP"	"S"	"IK-NR, SGK-NR"	2015-11-30		"F"	1987-11-09	4198	3087	"de"	"de"
157	296	2017-05-27	1	"ja"	2019-12-24T16:13:39	"Meyer, Mattea"	"NR"	"ZH"	"SP"	"S"	"IK-NR, SGK-NR"	2015-11-30		"F"	1987-11-09	4198	3087	"de"	"de"
656	238	2019-09-23	1	"ja"	2019-12-24T16:11:58	"Minder, Thomas"	"SR"	"SH"		"V"	"APK-NS 20-30, APK-SR, NATO-V, RedK-V, RK-SR, SiK-SR, SPK-SR"	2011-12-05		"M"	1960-12-26	4112	3019	"de"	"de"
411	238	2018-11-19	1	"ja"	2019-12-24T16:13:05	"Minder, Thomas"	"SR"	"SH"		"V"	"APK-NS 20-30, APK-SR, NATO-V, RedK-V, RK-SR, SiK-SR, SPK-SR"	2011-12-05		"M"	1960-12-26	4112	3019	"de"	"de"
158	238	2017-05-27	1	"nein"	2019-12-24T16:13:39	"Minder, Thomas"	"SR"	"SH"		"V"	"APK-NS 20-30, APK-SR, NATO-V, RedK-V, RK-SR, SiK-SR, SPK-SR"	2011-12-05		"M"	1960-12-26	4112	3019	"de"	"de"
657	332	2019-09-23	1	"ja"	2019-12-24T16:11:58	"Molina, Fabian"	"NR"	"ZH"	"SP"	"S"	"APK-NR, APK-NS 20-30, GPK-NR"	2018-03-15		"M"	1990-07-08	4223	3124	"de"	"de"
412	332	2018-11-19	1	"ja"	2019-12-24T16:13:05	"Molina, Fabian"	"NR"	"ZH"	"SP"	"S"	"APK-NR, APK-NS 20-30, GPK-NR"	2018-03-15		"M"	1990-07-08	4223	3124	"de"	"de"
658	15	2019-09-23	1	"nein"	2019-12-24T16:11:58	"Moret, Isabelle"	"NR"	"VD"	"FDP"	"RL"	"SGK-NR, SPK-NR"	2006-12-04		"F"	1970-12-30	1346	2660	"fr"	"fr"
413	15	2018-11-19	1	"teilweise"	2019-12-24T16:13:05	"Moret, Isabelle"	"NR"	"VD"	"FDP"	"RL"	"SGK-NR, SPK-NR"	2006-12-04		"F"	1970-12-30	1346	2660	"fr"	"fr"
159	15	2017-05-27	1	"teilweise"	2019-12-24T16:13:39	"Moret, Isabelle"	"NR"	"VD"	"FDP"	"RL"	"SGK-NR, SPK-NR"	2006-12-04		"F"	1970-12-30	1346	2660	"fr"	"fr"
659	147	2019-09-23	1	"nein"	2019-12-24T16:11:58	"Moser, Tiana Angelina"	"NR"	"ZH"	"GLP"	"GL"	"APK-NR, Bü-NR, SPK-NR"	2007-12-03		"F"	1979-04-06	3897	2700	"de"	"de"
414	147	2018-11-19	1	"nein"	2019-12-24T16:13:05	"Moser, Tiana Angelina"	"NR"	"ZH"	"GLP"	"GL"	"APK-NR, Bü-NR, SPK-NR"	2007-12-03		"F"	1979-04-06	3897	2700	"de"	"de"
160	147	2017-05-27	1	"nein"	2019-12-24T16:13:39	"Moser, Tiana Angelina"	"NR"	"ZH"	"GLP"	"GL"	"APK-NR, Bü-NR, SPK-NR"	2007-12-03		"F"	1979-04-06	3897	2700	"de"	"de"
665	153	2019-09-23	1	"nein"	2019-12-24T16:11:58	"Müller-Altermatt, Stefan"	"NR"	"SO"	"M"	"M-E"	"BeK-V, GPDel-V, GPK-NR, UREK-NR"	2011-12-05		"M"	1976-06-17	4063	2771	"de"	"de"
420	153	2018-11-19	1	"nein"	2019-12-24T16:13:05	"Müller-Altermatt, Stefan"	"NR"	"SO"	"M"	"M-E"	"BeK-V, GPDel-V, GPK-NR, UREK-NR"	2011-12-05		"M"	1976-06-17	4063	2771	"de"	"de"
166	153	2017-05-27	1	"nein"	2019-12-24T16:13:39	"Müller-Altermatt, Stefan"	"NR"	"SO"	"M"	"M-E"	"BeK-V, GPDel-V, GPK-NR, UREK-NR"	2011-12-05		"M"	1976-06-17	4063	2771	"de"	"de"
660	318	2019-09-23	1	"nein"	2019-12-24T16:11:58	"Müller, Damian"	"SR"	"LU"	"FDP"	"RL"	"APK-SR, EFTA/EU, SGK-SR, SPK-SR, UREK-SR"	2015-11-30		"M"	1984-10-25	4207	3108	"de"	"de"
415	318	2018-11-19	1	"nein"	2019-12-24T16:13:05	"Müller, Damian"	"SR"	"LU"	"FDP"	"RL"	"APK-SR, EFTA/EU, SGK-SR, SPK-SR, UREK-SR"	2015-11-30		"M"	1984-10-25	4207	3108	"de"	"de"
161	318	2017-05-27	1	"nein"	2019-12-24T16:13:39	"Müller, Damian"	"SR"	"LU"	"FDP"	"RL"	"APK-SR, EFTA/EU, SGK-SR, SPK-SR, UREK-SR"	2015-11-30		"M"	1984-10-25	4207	3108	"de"	"de"
1145	149	2020-12-31	1	"nein"	2021-04-18T11:33:27	"Müller, Leo"	"NR"	"LU"	"M"	"M-E"	"WAK-NR"	2011-12-05		"M"	1958-07-04	4097	3012	"de"	"de"
661	149	2019-09-23	1	"nein"	2019-12-24T16:11:58	"Müller, Leo"	"NR"	"LU"	"M"	"M-E"	"WAK-NR"	2011-12-05		"M"	1958-07-04	4097	3012	"de"	"de"
416	149	2018-11-19	1	"nein"	2019-12-24T16:13:05	"Müller, Leo"	"NR"	"LU"	"M"	"M-E"	"WAK-NR"	2011-12-05		"M"	1958-07-04	4097	3012	"de"	"de"
162	149	2017-05-27	1	"nein"	2019-12-24T16:13:39	"Müller, Leo"	"NR"	"LU"	"M"	"M-E"	"WAK-NR"	2011-12-05		"M"	1958-07-04	4097	3012	"de"	"de"
666	154	2019-09-23	1	"ja"	2019-12-24T16:11:58	"Munz, Martina"	"NR"	"SH"	"SP"	"S"	"FK-NR, RedK-V, UREK-NR"	2013-09-09		"F"	1955-12-26	4134	3036	"de"	"de"
421	154	2018-11-19	1	"ja"	2019-12-24T16:13:05	"Munz, Martina"	"NR"	"SH"	"SP"	"S"	"FK-NR, RedK-V, UREK-NR"	2013-09-09		"F"	1955-12-26	4134	3036	"de"	"de"
167	154	2017-05-27	1	"nein"	2019-12-24T16:13:39	"Munz, Martina"	"NR"	"SH"	"SP"	"S"	"FK-NR, RedK-V, UREK-NR"	2013-09-09		"F"	1955-12-26	4134	3036	"de"	"de"
669	297	2019-09-23	1	"ja"	2019-12-24T16:11:58	"Nantermod, Philippe"	"NR"	"VS"	"FDP"	"RL"	"GPK-NR, SGK-NR"	2015-11-30		"M"	1984-03-27	4193	3088	"fr"	"fr"
424	297	2018-11-19	1	"teilweise"	2019-12-24T16:13:05	"Nantermod, Philippe"	"NR"	"VS"	"FDP"	"RL"	"GPK-NR, SGK-NR"	2015-11-30		"M"	1984-03-27	4193	3088	"fr"	"fr"
170	297	2017-05-27	1	"nein"	2019-12-24T16:13:39	"Nantermod, Philippe"	"NR"	"VS"	"FDP"	"RL"	"GPK-NR, SGK-NR"	2015-11-30		"M"	1984-03-27	4193	3088	"fr"	"fr"
670	298	2019-09-23	1	"ja"	2019-12-24T16:11:58	"Nicolet, Jacques"	"NR"	"VD"	"SVP"	"V"	"APF-V, BeK-V, FK-NR, IK-NR"	2015-11-30		"M"	1965-10-24	4168	3089	"fr"	"fr"
425	298	2018-11-19	1	"ja"	2019-12-24T16:13:05	"Nicolet, Jacques"	"NR"	"VD"	"SVP"	"V"	"APF-V, BeK-V, FK-NR, IK-NR"	2015-11-30		"M"	1965-10-24	4168	3089	"fr"	"fr"
171	298	2017-05-27	1	"nein"	2019-12-24T16:13:39	"Nicolet, Jacques"	"NR"	"VD"	"SVP"	"V"	"APF-V, BeK-V, FK-NR, IK-NR"	2015-11-30		"M"	1965-10-24	4168	3089	"fr"	"fr"
1150	158	2020-12-31	1	"nein"	2021-04-13T07:42:09	"Nidegger, Yves"	"NR"	"GE"	"SVP"	"V"	"APK-NR, APK-NS 20-30, GK-V, RK-NR"	2007-12-03		"M"	1957-05-17	3898	2701	"fr"	"fr"
671	158	2019-09-23	1	"nein"	2019-12-24T16:11:58	"Nidegger, Yves"	"NR"	"GE"	"SVP"	"V"	"APK-NR, APK-NS 20-30, GK-V, RK-NR"	2007-12-03		"M"	1957-05-17	3898	2701	"fr"	"fr"
426	158	2018-11-19	1	"nein"	2019-12-24T16:13:05	"Nidegger, Yves"	"NR"	"GE"	"SVP"	"V"	"APK-NR, APK-NS 20-30, GK-V, RK-NR"	2007-12-03		"M"	1957-05-17	3898	2701	"fr"	"fr"
172	158	2017-05-27	1	"nein"	2019-12-24T16:13:39	"Nidegger, Yves"	"NR"	"GE"	"SVP"	"V"	"APK-NR, APK-NS 20-30, GK-V, RK-NR"	2007-12-03		"M"	1957-05-17	3898	2701	"fr"	"fr"
672	159	2019-09-23	1	"ja"	2019-12-24T16:11:58	"Nordmann, Roger"	"NR"	"VD"	"SP"	"S"	"Bü-NR, UREK-NR"	2004-11-30		"M"	1973-03-23	1279	2648	"fr"	"fr"
427	159	2018-11-19	1	"ja"	2019-12-24T16:13:05	"Nordmann, Roger"	"NR"	"VD"	"SP"	"S"	"Bü-NR, UREK-NR"	2004-11-30		"M"	1973-03-23	1279	2648	"fr"	"fr"
173	159	2017-05-27	1	"nein"	2019-12-24T16:13:39	"Nordmann, Roger"	"NR"	"VD"	"SP"	"S"	"Bü-NR, UREK-NR"	2004-11-30		"M"	1973-03-23	1279	2648	"fr"	"fr"
673	160	2019-09-23	1	"teilweise"	2019-12-24T16:11:58	"Noser, Ruedi"	"SR"	"ZH"	"FDP"	"RL"	"Del D-V, UREK-SR, WAK-SR, WBK-SR"	2003-12-01		"M"	1961-04-14	1153	2619	"de"	"de"
428	160	2018-11-19	1	"nein"	2019-12-24T16:13:05	"Noser, Ruedi"	"SR"	"ZH"	"FDP"	"RL"	"Del D-V, UREK-SR, WAK-SR, WBK-SR"	2003-12-01		"M"	1961-04-14	1153	2619	"de"	"de"
174	160	2017-05-27	1	"nein"	2019-12-24T16:13:39	"Noser, Ruedi"	"SR"	"ZH"	"FDP"	"RL"	"Del D-V, UREK-SR, WAK-SR, WBK-SR"	2003-12-01		"M"	1961-04-14	1153	2619	"de"	"de"
674	161	2019-09-23	1	"nein"	2019-12-24T16:11:58	"Nussbaumer, Eric"	"NR"	"BL"	"SP"	"S"	"APK-NR, EFTA/EU"	2007-12-03		"M"	1960-07-11	3899	2702	"de"	"de"
429	161	2018-11-19	1	"teilweise"	2019-12-24T16:13:05	"Nussbaumer, Eric"	"NR"	"BL"	"SP"	"S"	"APK-NR, EFTA/EU"	2007-12-03		"M"	1960-07-11	3899	2702	"de"	"de"
175	161	2017-05-27	1	"teilweise"	2019-12-24T16:13:39	"Nussbaumer, Eric"	"NR"	"BL"	"SP"	"S"	"APK-NR, EFTA/EU"	2007-12-03		"M"	1960-07-11	3899	2702	"de"	"de"
675	333	2019-09-23	1	"nein"	2019-12-24T16:11:58	"Paganini, Nicolo"	"NR"	"SG"	"M"	"M-E"	"Del A-V, GK-V, GPK-NR, UREK-NR"	2018-03-12		"M"	1966-06-08	4222	3123	"de"	"de"
430	333	2018-11-19	1	"nein"	2019-12-24T16:13:05	"Paganini, Nicolo"	"NR"	"SG"	"M"	"M-E"	"Del A-V, GK-V, GPK-NR, UREK-NR"	2018-03-12		"M"	1966-06-08	4222	3123	"de"	"de"
676	299	2019-09-23	1	"nein"	2019-12-24T16:11:58	"Page, Pierre-André"	"NR"	"FR"	"SVP"	"V"	"BeK-V, Del F-V, IK-NR, UREK-NR"	2015-11-30		"M"	1960-04-19	4169	3090	"fr"	"fr"
431	299	2018-11-19	1	"nein"	2019-12-24T16:13:05	"Page, Pierre-André"	"NR"	"FR"	"SVP"	"V"	"BeK-V, Del F-V, IK-NR, UREK-NR"	2015-11-30		"M"	1960-04-19	4169	3090	"fr"	"fr"
176	299	2017-05-27	1	"nein"	2019-12-24T16:13:39	"Page, Pierre-André"	"NR"	"FR"	"SVP"	"V"	"BeK-V, Del F-V, IK-NR, UREK-NR"	2015-11-30		"M"	1960-04-19	4169	3090	"fr"	"fr"
680	166	2019-09-23	1	"nein"	2019-12-24T16:11:58	"Pfister, Gerhard"	"NR"	"ZG"	"M"	"M-E"	"APK-NR, Del D-V, IK-NR, SPK-NR"	2003-12-01		"M"	1962-10-01	1109	2623	"de"	"de"
435	166	2018-11-19	1	"nein"	2019-12-24T16:13:05	"Pfister, Gerhard"	"NR"	"ZG"	"M"	"M-E"	"APK-NR, Del D-V, IK-NR, SPK-NR"	2003-12-01		"M"	1962-10-01	1109	2623	"de"	"de"
180	166	2017-05-27	1	"nein"	2019-12-24T16:13:39	"Pfister, Gerhard"	"NR"	"ZG"	"M"	"M-E"	"APK-NR, Del D-V, IK-NR, SPK-NR"	2003-12-01		"M"	1962-10-01	1109	2623	"de"	"de"
682	168	2019-09-23	1	"ja"	2019-12-24T16:11:58	"Piller Carrard, Valérie"	"NR"	"FR"	"SP"	"S"	"BeK-V, IK-NR, KVF-NR, WBK-NR"	2011-12-05		"F"	1978-09-09	4109	3009	"fr"	"fr"
437	168	2018-11-19	1	"nein"	2019-12-24T16:13:05	"Piller Carrard, Valérie"	"NR"	"FR"	"SP"	"S"	"BeK-V, IK-NR, KVF-NR, WBK-NR"	2011-12-05		"F"	1978-09-09	4109	3009	"fr"	"fr"
182	168	2017-05-27	1	"nein"	2019-12-24T16:13:39	"Piller Carrard, Valérie"	"NR"	"FR"	"SP"	"S"	"BeK-V, IK-NR, KVF-NR, WBK-NR"	2011-12-05		"F"	1978-09-09	4109	3009	"fr"	"fr"
683	248	2019-09-23	1	"nein"	2019-12-24T16:11:58	"Portmann, Hans-Peter"	"NR"	"ZH"	"FDP"	"RL"	"APK-NR, EFTA/EU"	2014-05-07		"M"	1963-02-22	4141	3043	"de"	"de"
438	248	2018-11-19	1	"ja"	2019-12-24T16:13:05	"Portmann, Hans-Peter"	"NR"	"ZH"	"FDP"	"RL"	"APK-NR, EFTA/EU"	2014-05-07		"M"	1963-02-22	4141	3043	"de"	"de"
183	248	2017-05-27	1	"nein"	2019-12-24T16:13:39	"Portmann, Hans-Peter"	"NR"	"ZH"	"FDP"	"RL"	"APK-NR, EFTA/EU"	2014-05-07		"M"	1963-02-22	4141	3043	"de"	"de"
1163	411	2020-12-31	1	"ja"	2020-01-16T12:36:54	"Prelicz-Huber, Katharina"	"NR"	"ZH"	"Grüne"	"G"	"GPK-NR, SGK-NR"	2008-09-15		"F"	1959-10-12	3999	2732	"de"	"de"
917	411	2020-01-30	1	"ja"	2020-01-16T12:36:54	"Prelicz-Huber, Katharina"	"NR"	"ZH"	"Grüne"	"G"	"GPK-NR, SGK-NR"	2008-09-15		"F"	1959-10-12	3999	2732	"de"	"de"
685	170	2019-09-23	1	"nein"	2019-12-24T16:11:58	"Quadri, Lorenzo"	"NR"	"TI"	"Lega"	"V"	"Del I-V, KVF-NR, RedK-V"	2011-05-30		"M"	1974-11-05	4046	2752	"it"	"de"
440	170	2018-11-19	1	"nein"	2019-12-24T16:13:05	"Quadri, Lorenzo"	"NR"	"TI"	"Lega"	"V"	"Del I-V, KVF-NR, RedK-V"	2011-05-30		"M"	1974-11-05	4046	2752	"it"	"de"
185	170	2017-05-27	1	"nein"	2019-12-24T16:13:39	"Quadri, Lorenzo"	"NR"	"TI"	"Lega"	"V"	"Del I-V, KVF-NR, RedK-V"	2011-05-30		"M"	1974-11-05	4046	2752	"it"	"de"
1168	36	2020-12-31	1	"ja"	2021-01-28T11:30:27	"Rechsteiner, Paul"	"SR"	"SG"	"SP"	"S"	"Del A-V, Del FL-V, KVF-SR, SGK-SR, WAK-SR"	1986-06-02		"M"	1952-08-26	172	2143	"de"	"de"
686	36	2019-09-23	1	"ja"	2019-12-24T16:11:58	"Rechsteiner, Paul"	"SR"	"SG"	"SP"	"S"	"Del A-V, Del FL-V, KVF-SR, SGK-SR, WAK-SR"	1986-06-02		"M"	1952-08-26	172	2143	"de"	"de"
441	36	2018-11-19	1	"ja"	2019-12-24T16:13:05	"Rechsteiner, Paul"	"SR"	"SG"	"SP"	"S"	"Del A-V, Del FL-V, KVF-SR, SGK-SR, WAK-SR"	1986-06-02		"M"	1952-08-26	172	2143	"de"	"de"
186	36	2017-05-27	1	"nein"	2019-12-24T16:13:39	"Rechsteiner, Paul"	"SR"	"SG"	"SP"	"S"	"Del A-V, Del FL-V, KVF-SR, SGK-SR, WAK-SR"	1986-06-02		"M"	1952-08-26	172	2143	"de"	"de"
687	171	2019-09-23	1	"nein"	2019-12-24T16:11:58	"Regazzi, Fabio"	"NR"	"TI"	"M"	"M-E"	"WAK-NR"	2011-12-05		"M"	1962-06-22	4072	2776	"it"	"de"
442	171	2018-11-19	1	"nein"	2019-12-24T16:13:05	"Regazzi, Fabio"	"NR"	"TI"	"M"	"M-E"	"WAK-NR"	2011-12-05		"M"	1962-06-22	4072	2776	"it"	"de"
187	171	2017-05-27	1	"nein"	2019-12-24T16:13:39	"Regazzi, Fabio"	"NR"	"TI"	"M"	"M-E"	"WAK-NR"	2011-12-05		"M"	1962-06-22	4072	2776	"it"	"de"
688	172	2019-09-23	1	"nein"	2019-12-24T16:11:58	"Reimann, Lukas"	"NR"	"SG"	"SVP"	"V"	"Del A-V, RK-NR"	2007-12-03		"M"	1982-09-18	3901	2704	"de"	"de"
443	172	2018-11-19	1	"ja"	2019-12-24T16:13:05	"Reimann, Lukas"	"NR"	"SG"	"SVP"	"V"	"Del A-V, RK-NR"	2007-12-03		"M"	1982-09-18	3901	2704	"de"	"de"
188	172	2017-05-27	1	"nein"	2019-12-24T16:13:39	"Reimann, Lukas"	"NR"	"SG"	"SVP"	"V"	"Del A-V, RK-NR"	2007-12-03		"M"	1982-09-18	3901	2704	"de"	"de"
1174	319	2020-12-31	1	"nein"	2021-01-25T19:55:19	"Rieder, Beat"	"SR"	"VS"	"M"	"M-E"	"APK-SR, FK-SR, GK-V, RK-SR, UREK-SR"	2015-11-30		"M"	1963-02-12	4204	3105	"de"	"de"
691	319	2019-09-23	1	"nein"	2019-12-24T16:11:58	"Rieder, Beat"	"SR"	"VS"	"M"	"M-E"	"APK-SR, FK-SR, GK-V, RK-SR, UREK-SR"	2015-11-30		"M"	1963-02-12	4204	3105	"de"	"de"
447	319	2018-11-19	1	"nein"	2019-12-24T16:13:05	"Rieder, Beat"	"SR"	"VS"	"M"	"M-E"	"APK-SR, FK-SR, GK-V, RK-SR, UREK-SR"	2015-11-30		"M"	1963-02-12	4204	3105	"de"	"de"
192	319	2017-05-27	1	"nein"	2019-12-24T16:13:39	"Rieder, Beat"	"SR"	"VS"	"M"	"M-E"	"APK-SR, FK-SR, GK-V, RK-SR, UREK-SR"	2015-11-30		"M"	1963-02-12	4204	3105	"de"	"de"
1176	178	2020-12-31	1	"nein"	2021-01-25T20:02:18	"Ritter, Markus"	"NR"	"SG"	"M"	"M-E"	"WAK-NR"	2011-12-05		"M"	1967-04-19	4052	2754	"de"	"de"
694	178	2019-09-23	1	"ja"	2019-12-24T16:11:58	"Ritter, Markus"	"NR"	"SG"	"M"	"M-E"	"WAK-NR"	2011-12-05		"M"	1967-04-19	4052	2754	"de"	"de"
450	178	2018-11-19	1	"nein"	2019-12-24T16:13:05	"Ritter, Markus"	"NR"	"SG"	"M"	"M-E"	"WAK-NR"	2011-12-05		"M"	1967-04-19	4052	2754	"de"	"de"
195	178	2017-05-27	1	"nein"	2019-12-24T16:13:39	"Ritter, Markus"	"NR"	"SG"	"M"	"M-E"	"WAK-NR"	2011-12-05		"M"	1967-04-19	4052	2754	"de"	"de"
696	331	2019-09-23	1	"ja"	2019-12-24T16:11:58	"Roduit, Benjamin"	"NR"	"VS"	"M"	"M-E"	"Bü-NR, Del F-V, RedK-V, SGK-NR"	2018-02-26		"M"	1962-11-22	4220	3121	"fr"	"fr"
451	331	2018-11-19	1	"ja"	2019-12-24T16:13:05	"Roduit, Benjamin"	"NR"	"VS"	"M"	"M-E"	"Bü-NR, Del F-V, RedK-V, SGK-NR"	2018-02-26		"M"	1962-11-22	4220	3121	"fr"	"fr"
697	179	2019-09-23	1	"nein"	2019-12-24T16:11:58	"Romano, Marco"	"NR"	"TI"	"M"	"M-E"	"Del I-V, KVF-NR, RedK-V, SPK-NR"	2011-12-05		"M"	1982-11-06	4120	3025	"it"	"de"
452	179	2018-11-19	1	"nein"	2019-12-24T16:13:05	"Romano, Marco"	"NR"	"TI"	"M"	"M-E"	"Del I-V, KVF-NR, RedK-V, SPK-NR"	2011-12-05		"M"	1982-11-06	4120	3025	"it"	"de"
196	179	2017-05-27	1	"nein"	2019-12-24T16:13:39	"Romano, Marco"	"NR"	"TI"	"M"	"M-E"	"Del I-V, KVF-NR, RedK-V, SPK-NR"	2011-12-05		"M"	1982-11-06	4120	3025	"it"	"de"
698	180	2019-09-23	1	"nein"	2019-12-24T16:11:58	"Rösti, Albert"	"NR"	"BE"	"SVP"	"V"	"Del D-V, IK-NR, SGK-NR, UREK-NR"	2011-12-05		"M"	1967-08-07	4100	3010	"de"	"de"
453	180	2018-11-19	1	"nein"	2019-12-24T16:13:05	"Rösti, Albert"	"NR"	"BE"	"SVP"	"V"	"Del D-V, IK-NR, SGK-NR, UREK-NR"	2011-12-05		"M"	1967-08-07	4100	3010	"de"	"de"
197	180	2017-05-27	1	"nein"	2019-12-24T16:13:39	"Rösti, Albert"	"NR"	"BE"	"SVP"	"V"	"Del D-V, IK-NR, SGK-NR, UREK-NR"	2011-12-05		"M"	1967-08-07	4100	3010	"de"	"de"
700	182	2019-09-23	1	"nein"	2019-12-24T16:11:58	"Rutz, Gregor"	"NR"	"ZH"	"SVP"	"V"	"KVF-NR, SPK-NR"	2012-11-26		"M"	1972-10-12	4125	3030	"de"	"de"
456	182	2018-11-19	1	"nein"	2019-12-24T16:13:05	"Rutz, Gregor"	"NR"	"ZH"	"SVP"	"V"	"KVF-NR, SPK-NR"	2012-11-26		"M"	1972-10-12	4125	3030	"de"	"de"
200	182	2017-05-27	1	"nein"	2019-12-24T16:13:39	"Rutz, Gregor"	"NR"	"ZH"	"SVP"	"V"	"KVF-NR, SPK-NR"	2012-11-26		"M"	1972-10-12	4125	3030	"de"	"de"
701	183	2019-09-23	1	"nein"	2019-12-24T16:11:58	"Rytz, Regula"	"NR"	"BE"	"Grüne"	"G"	"Del A-V, WAK-NR"	2011-12-05		"F"	1962-03-02	4095	3000	"de"	"de"
457	183	2018-11-19	1	"nein"	2019-12-24T16:13:05	"Rytz, Regula"	"NR"	"BE"	"Grüne"	"G"	"Del A-V, WAK-NR"	2011-12-05		"F"	1962-03-02	4095	3000	"de"	"de"
201	183	2017-05-27	1	"ja"	2019-12-24T16:13:39	"Rytz, Regula"	"NR"	"BE"	"Grüne"	"G"	"Del A-V, WAK-NR"	2011-12-05		"F"	1962-03-02	4095	3000	"de"	"de"
702	301	2019-09-23	1	"nein"	2019-12-24T16:11:58	"Salzmann, Werner"	"SR"	"BE"	"SVP"	"V"	"GPDel-V, GPK-SR, KVF-SR, NATO-V, OSZE, SiK-SR"	2015-11-30		"M"	1962-11-05	4172	3092	"de"	"de"
458	301	2018-11-19	1	"nein"	2019-12-24T16:13:05	"Salzmann, Werner"	"SR"	"BE"	"SVP"	"V"	"GPDel-V, GPK-SR, KVF-SR, NATO-V, OSZE, SiK-SR"	2015-11-30		"M"	1962-11-05	4172	3092	"de"	"de"
202	301	2017-05-27	1	"nein"	2019-12-24T16:13:39	"Salzmann, Werner"	"SR"	"BE"	"SVP"	"V"	"GPDel-V, GPK-SR, KVF-SR, NATO-V, OSZE, SiK-SR"	2015-11-30		"M"	1962-11-05	4172	3092	"de"	"de"
703	302	2019-09-23	1	"nein"	2019-12-24T16:11:58	"Sauter, Regine"	"NR"	"ZH"	"FDP"	"RL"	"SGK-NR"	2015-11-30		"F"	1966-04-16	4202	3103	"de"	"de"
459	302	2018-11-19	1	"nein"	2019-12-24T16:13:05	"Sauter, Regine"	"NR"	"ZH"	"FDP"	"RL"	"SGK-NR"	2015-11-30		"F"	1966-04-16	4202	3103	"de"	"de"
203	302	2017-05-27	1	"nein"	2019-12-24T16:13:39	"Sauter, Regine"	"NR"	"ZH"	"FDP"	"RL"	"SGK-NR"	2015-11-30		"F"	1966-04-16	4202	3103	"de"	"de"
706	185	2019-09-23	1	"nein"	2019-12-24T16:11:58	"Schilliger, Peter"	"NR"	"LU"	"FDP"	"RL"	"FK-NR"	2012-09-10		"M"	1959-06-01	4124	3029	"de"	"de"
462	185	2018-11-19	1	"nein"	2019-12-24T16:13:05	"Schilliger, Peter"	"NR"	"LU"	"FDP"	"RL"	"FK-NR"	2012-09-10		"M"	1959-06-01	4124	3029	"de"	"de"
207	185	2017-05-27	1	"nein"	2019-12-24T16:13:39	"Schilliger, Peter"	"NR"	"LU"	"FDP"	"RL"	"FK-NR"	2012-09-10		"M"	1959-06-01	4124	3029	"de"	"de"
707	344	2019-09-23	1	"nein"	2019-12-24T16:11:58	"Schläpfer, Therese"	"NR"	"ZH"	"SVP"	"V"	"SGK-NR"	2019-06-03		"F"	1959-04-14	4234	3135	"de"	"de"
1191	349	2020-12-31	1	"ja"	2020-01-16T12:13:54	"Schlatter, Marionna"	"NR"	"ZH"	"Grüne"	"G"	"KVF-NR, SiK-NR"	2019-12-01		"F"	1980-11-14	4288	3180	"de"	"de"
945	349	2020-01-30	1	"ja"	2020-01-16T12:13:54	"Schlatter, Marionna"	"NR"	"ZH"	"Grüne"	"G"	"KVF-NR, SiK-NR"	2019-12-01		"F"	1980-11-14	4288	3180	"de"	"de"
1192	242	2020-12-31	1	"nein"	2021-01-25T20:17:47	"Schmid, Martin"	"SR"	"GR"	"FDP"	"RL"	"BeK-V, Del A-V, RK-SR, UREK-SR, WAK-SR"	2011-12-05		"M"	1969-05-24	4078	2783	"de"	"de"
708	242	2019-09-23	1	"nein"	2019-12-24T16:11:58	"Schmid, Martin"	"SR"	"GR"	"FDP"	"RL"	"BeK-V, Del A-V, RK-SR, UREK-SR, WAK-SR"	2011-12-05		"M"	1969-05-24	4078	2783	"de"	"de"
463	242	2018-11-19	1	"nein"	2019-12-24T16:13:05	"Schmid, Martin"	"SR"	"GR"	"FDP"	"RL"	"BeK-V, Del A-V, RK-SR, UREK-SR, WAK-SR"	2011-12-05		"M"	1969-05-24	4078	2783	"de"	"de"
208	242	2017-05-27	1	"nein"	2019-12-24T16:13:39	"Schmid, Martin"	"SR"	"GR"	"FDP"	"RL"	"BeK-V, Del A-V, RK-SR, UREK-SR, WAK-SR"	2011-12-05		"M"	1969-05-24	4078	2783	"de"	"de"
709	21	2019-09-23	1	"nein"	2019-12-24T16:11:58	"Schneeberger, Daniela"	"NR"	"BL"	"FDP"	"RL"	"Del A-V, RK-NR, WAK-NR"	2011-12-05		"F"	1967-09-19	4060	2766	"de"	"de"
464	21	2018-11-19	1	"nein"	2019-12-24T16:13:05	"Schneeberger, Daniela"	"NR"	"BL"	"FDP"	"RL"	"Del A-V, RK-NR, WAK-NR"	2011-12-05		"F"	1967-09-19	4060	2766	"de"	"de"
211	21	2017-05-27	1	"nein"	2019-12-24T16:13:39	"Schneeberger, Daniela"	"NR"	"BL"	"FDP"	"RL"	"Del A-V, RK-NR, WAK-NR"	2011-12-05		"F"	1967-09-19	4060	2766	"de"	"de"
710	187	2019-09-23	1	"ja"	2019-12-24T16:11:58	"Schneider Schüttel, Ursula"	"NR"	"FR"	"SP"	"S"	"FinDel-V, FK-NR, GK-V, UREK-NR"	2012-05-29		"F"	1961-11-26	4123	3028	"de"	"de"
465	187	2018-11-19	1	"ja"	2019-12-24T16:13:05	"Schneider Schüttel, Ursula"	"NR"	"FR"	"SP"	"S"	"FinDel-V, FK-NR, GK-V, UREK-NR"	2012-05-29		"F"	1961-11-26	4123	3028	"de"	"de"
212	187	2017-05-27	1	"nein"	2019-12-24T16:13:39	"Schneider Schüttel, Ursula"	"NR"	"FR"	"SP"	"S"	"FinDel-V, FK-NR, GK-V, UREK-NR"	2012-05-29		"F"	1961-11-26	4123	3028	"de"	"de"
711	188	2019-09-23	1	"ja"	2019-12-24T16:11:58	"Schneider-Schneiter, Elisabeth"	"NR"	"BL"	"M"	"M-E"	"APK-NR, APK-NS 20-30, EFTA/EU"	2010-11-29		"F"	1964-02-19	4040	2748	"de"	"de"
466	188	2018-11-19	1	"nein"	2019-12-24T16:13:05	"Schneider-Schneiter, Elisabeth"	"NR"	"BL"	"M"	"M-E"	"APK-NR, APK-NS 20-30, EFTA/EU"	2010-11-29		"F"	1964-02-19	4040	2748	"de"	"de"
213	188	2017-05-27	1	"nein"	2019-12-24T16:13:39	"Schneider-Schneiter, Elisabeth"	"NR"	"BL"	"M"	"M-E"	"APK-NR, APK-NS 20-30, EFTA/EU"	2010-11-29		"F"	1964-02-19	4040	2748	"de"	"de"
712	190	2019-09-23	1	"nein"	2019-12-24T16:11:58	"Schwander, Pirmin"	"NR"	"SZ"	"SVP"	"V"	"FinDel-V, FK-NR, GK-V, IK-NR, RK-NR"	2003-12-01		"M"	1961-12-28	1159	2631	"de"	"de"
467	190	2018-11-19	1	"nein"	2019-12-24T16:13:05	"Schwander, Pirmin"	"NR"	"SZ"	"SVP"	"V"	"FinDel-V, FK-NR, GK-V, IK-NR, RK-NR"	2003-12-01		"M"	1961-12-28	1159	2631	"de"	"de"
215	190	2017-05-27	1	"nein"	2019-12-24T16:13:39	"Schwander, Pirmin"	"NR"	"SZ"	"SVP"	"V"	"FinDel-V, FK-NR, GK-V, IK-NR, RK-NR"	2003-12-01		"M"	1961-12-28	1159	2631	"de"	"de"
713	304	2019-09-23	1	"ja"	2019-12-24T16:11:58	"Seiler Graf, Priska"	"NR"	"ZH"	"SP"	"S"	"GPK-NR, SiK-NR"	2015-11-30		"F"	1968-08-29	4199	3094	"de"	"de"
468	304	2018-11-19	1	"ja"	2019-12-24T16:13:05	"Seiler Graf, Priska"	"NR"	"ZH"	"SP"	"S"	"GPK-NR, SiK-NR"	2015-11-30		"F"	1968-08-29	4199	3094	"de"	"de"
216	304	2017-05-27	1	"nein"	2019-12-24T16:13:39	"Seiler Graf, Priska"	"NR"	"ZH"	"SP"	"S"	"GPK-NR, SiK-NR"	2015-11-30		"F"	1968-08-29	4199	3094	"de"	"de"
716	256	2019-09-23	1	"ja"	2019-12-24T16:11:58	"Siegenthaler, Heinz"	"NR"	"BE"	"M"	"M-E"	"FK-NR"	2014-11-24		"M"	1955-10-11	4146	3048	"de"	"de"
471	256	2018-11-19	1	"ja"	2019-12-24T16:13:05	"Siegenthaler, Heinz"	"NR"	"BE"	"M"	"M-E"	"FK-NR"	2014-11-24		"M"	1955-10-11	4146	3048	"de"	"de"
219	256	2017-05-27	1	"nein"	2019-12-24T16:13:39	"Siegenthaler, Heinz"	"NR"	"BE"	"M"	"M-E"	"FK-NR"	2014-11-24		"M"	1955-10-11	4146	3048	"de"	"de"
1200	353	2020-12-31	1	"nein"	2021-01-25T20:17:47	"Silberschmidt, Andri"	"NR"	"ZH"	"FDP"	"RL"	"GPK-NR, SPK-NR"	2019-10-20		"M"	1994-02-26	4290	3182	"de"	"de"
717	305	2019-09-23	1	"nein"	2019-12-24T16:11:58	"Sollberger, Sandra"	"NR"	"BL"	"SVP"	"V"	"FK-NR, KVF-NR"	2015-11-30		"F"	1973-10-27	4173	3095	"de"	"de"
472	305	2018-11-19	1	"nein"	2019-12-24T16:13:05	"Sollberger, Sandra"	"NR"	"BL"	"SVP"	"V"	"FK-NR, KVF-NR"	2015-11-30		"F"	1973-10-27	4173	3095	"de"	"de"
220	305	2017-05-27	1	"nein"	2019-12-24T16:13:39	"Sollberger, Sandra"	"NR"	"BL"	"SVP"	"V"	"FK-NR, KVF-NR"	2015-11-30		"F"	1973-10-27	4173	3095	"de"	"de"
473	192	2018-11-19	1	"ja"	2019-12-24T16:13:05	"Sommaruga, Carlo"	"SR"	"GE"	"SP"	"S"	"APF-V, APK-SR, BeK-V, Del F-V, EFTA/EU, GPK-SR, RK-SR"	2003-12-01		"M"	1959-07-08	1120	2632	"fr"	"fr"
221	192	2017-05-27	1	"nein"	2019-12-24T16:13:39	"Sommaruga, Carlo"	"SR"	"GE"	"SP"	"S"	"APF-V, APK-SR, BeK-V, Del F-V, EFTA/EU, GPK-SR, RK-SR"	2003-12-01		"M"	1959-07-08	1120	2632	"fr"	"fr"
720	306	2019-09-23	1	"ja"	2019-12-24T16:11:58	"Steinemann, Barbara"	"NR"	"ZH"	"SVP"	"V"	"RK-NR, SPK-NR"	2015-11-30		"F"	1976-06-18	4174	3096	"de"	"de"
476	306	2018-11-19	1	"nein"	2019-12-24T16:13:05	"Steinemann, Barbara"	"NR"	"ZH"	"SVP"	"V"	"RK-NR, SPK-NR"	2015-11-30		"F"	1976-06-18	4174	3096	"de"	"de"
224	306	2017-05-27	1	"nein"	2019-12-24T16:13:39	"Steinemann, Barbara"	"NR"	"ZH"	"SVP"	"V"	"RK-NR, SPK-NR"	2015-11-30		"F"	1976-06-18	4174	3096	"de"	"de"
721	38	2019-09-23	1	"nein"	2019-12-24T16:11:58	"Stöckli, Hans"	"SR"	"BE"	"SP"	"S"	"GK-V, GPK-SR, SGK-SR, SPK-SR"	2004-09-20		"M"	1952-04-12	1267	2647	"de"	"de"
477	38	2018-11-19	1	"nein"	2019-12-24T16:13:05	"Stöckli, Hans"	"SR"	"BE"	"SP"	"S"	"GK-V, GPK-SR, SGK-SR, SPK-SR"	2004-09-20		"M"	1952-04-12	1267	2647	"de"	"de"
225	38	2017-05-27	1	"nein"	2019-12-24T16:13:39	"Stöckli, Hans"	"SR"	"BE"	"SP"	"S"	"GK-V, GPK-SR, SGK-SR, SPK-SR"	2004-09-20		"M"	1952-04-12	1267	2647	"de"	"de"
722	195	2019-09-23	1	"ja"	2019-12-24T16:11:58	"Streiff-Feller, Marianne"	"NR"	"BE"	"EVP"	"M-E"	"GPK-NR, SPK-NR"	2010-09-13		"F"	1957-08-17	4036	2747	"de"	"de"
478	195	2018-11-19	1	"ja"	2019-12-24T16:13:05	"Streiff-Feller, Marianne"	"NR"	"BE"	"EVP"	"M-E"	"GPK-NR, SPK-NR"	2010-09-13		"F"	1957-08-17	4036	2747	"de"	"de"
226	195	2017-05-27	1	"ja"	2019-12-24T16:13:39	"Streiff-Feller, Marianne"	"NR"	"BE"	"EVP"	"M-E"	"GPK-NR, SPK-NR"	2010-09-13		"F"	1957-08-17	4036	2747	"de"	"de"
723	196	2019-09-23	1	"teilweise"	2019-12-24T16:11:58	"Thorens Goumaz, Adèle"	"SR"	"VD"	"Grüne"	"G"	"FK-SR, UREK-SR, WAK-SR"	2007-12-03		"F"	1971-12-15	3907	2710	"fr"	"fr"
479	196	2018-11-19	1	"nein"	2019-12-24T16:13:05	"Thorens Goumaz, Adèle"	"SR"	"VD"	"Grüne"	"G"	"FK-SR, UREK-SR, WAK-SR"	2007-12-03		"F"	1971-12-15	3907	2710	"fr"	"fr"
227	196	2017-05-27	1	"nein"	2019-12-24T16:13:39	"Thorens Goumaz, Adèle"	"SR"	"VD"	"Grüne"	"G"	"FK-SR, UREK-SR, WAK-SR"	2007-12-03		"F"	1971-12-15	3907	2710	"fr"	"fr"
724	334	2019-09-23	1	"ja"	2019-12-24T16:11:58	"Töngi, Michael"	"NR"	"LU"	"Grüne"	"G"	"GPK-NR, KVF-NR"	2018-03-12		"M"	1967-03-16	4221	3122	"de"	"de"
480	334	2018-11-19	1	"ja"	2019-12-24T16:13:05	"Töngi, Michael"	"NR"	"LU"	"Grüne"	"G"	"GPK-NR, KVF-NR"	2018-03-12		"M"	1967-03-16	4221	3122	"de"	"de"
726	198	2019-09-23	1	"ja"	2019-12-24T16:11:58	"Trede, Aline"	"NR"	"BE"	"Grüne"	"G"	"Bü-NR, Del D-V, IK-NR, KVF-NR"	2013-03-04		"F"	1983-08-26	4128	3032	"de"	"de"
482	198	2018-11-19	1	"ja"	2019-12-24T16:13:05	"Trede, Aline"	"NR"	"BE"	"Grüne"	"G"	"Bü-NR, Del D-V, IK-NR, KVF-NR"	2013-03-04		"F"	1983-08-26	4128	3032	"de"	"de"
229	198	2017-05-27	1	"nein"	2019-12-24T16:13:39	"Trede, Aline"	"NR"	"BE"	"Grüne"	"G"	"Bü-NR, Del D-V, IK-NR, KVF-NR"	2013-03-04		"F"	1983-08-26	4128	3032	"de"	"de"
727	307	2019-09-23	1	"nein"	2019-12-24T16:11:58	"Tuena, Mauro"	"NR"	"ZH"	"SVP"	"V"	"IK-NR, NATO-V, RK-NR, SiK-NR"	2015-11-30		"M"	1972-01-25	4175	3097	"de"	"de"
483	307	2018-11-19	1	"nein"	2019-12-24T16:13:05	"Tuena, Mauro"	"NR"	"ZH"	"SVP"	"V"	"IK-NR, NATO-V, RK-NR, SiK-NR"	2015-11-30		"M"	1972-01-25	4175	3097	"de"	"de"
231	307	2017-05-27	1	"nein"	2019-12-24T16:13:39	"Tuena, Mauro"	"NR"	"ZH"	"SVP"	"V"	"IK-NR, NATO-V, RK-NR, SiK-NR"	2015-11-30		"M"	1972-01-25	4175	3097	"de"	"de"
681	167	2019-09-23	1	"nein"	2019-12-24T16:11:58	"Umbricht Pieren, Nadja"	"NR"	"BE"	"SVP"	"V"	"KVF-NR, WBK-NR"	2011-12-05		"F"	1980-02-14	4065	2781	"de"	"de"
436	167	2018-11-19	1	"nein"	2019-12-24T16:13:05	"Umbricht Pieren, Nadja"	"NR"	"BE"	"SVP"	"V"	"KVF-NR, WBK-NR"	2011-12-05		"F"	1980-02-14	4065	2781	"de"	"de"
181	167	2017-05-27	1	"nein"	2019-12-24T16:13:39	"Umbricht Pieren, Nadja"	"NR"	"BE"	"SVP"	"V"	"KVF-NR, WBK-NR"	2011-12-05		"F"	1980-02-14	4065	2781	"de"	"de"
730	308	2019-09-23	1	"nein"	2019-12-24T16:11:58	"Vogt, Hans-Ueli"	"NR"	"ZH"	"SVP"	"V"	"RK-NR"	2015-11-30		"M"	1969-12-05	4176	3098	"de"	"de"
486	308	2018-11-19	1	"nein"	2019-12-24T16:13:05	"Vogt, Hans-Ueli"	"NR"	"ZH"	"SVP"	"V"	"RK-NR"	2015-11-30		"M"	1969-12-05	4176	3098	"de"	"de"
234	308	2017-05-27	1	"nein"	2019-12-24T16:13:39	"Vogt, Hans-Ueli"	"NR"	"ZH"	"SVP"	"V"	"RK-NR"	2015-11-30		"M"	1969-12-05	4176	3098	"de"	"de"
1220	206	2020-12-31	1	"nein"	2021-04-18T11:36:23	"von Siebenthal, Erich"	"NR"	"BE"	"SVP"	"V"	"GPK-NR"	2007-12-03		"M"	1958-12-30	3910	2713	"de"	"de"
731	206	2019-09-23	1	"nein"	2019-12-24T16:11:58	"von Siebenthal, Erich"	"NR"	"BE"	"SVP"	"V"	"GPK-NR"	2007-12-03		"M"	1958-12-30	3910	2713	"de"	"de"
487	206	2018-11-19	1	"nein"	2019-12-24T16:13:05	"von Siebenthal, Erich"	"NR"	"BE"	"SVP"	"V"	"GPK-NR"	2007-12-03		"M"	1958-12-30	3910	2713	"de"	"de"
235	206	2017-05-27	1	"ja"	2019-12-24T16:13:39	"von Siebenthal, Erich"	"NR"	"BE"	"SVP"	"V"	"GPK-NR"	2007-12-03		"M"	1958-12-30	3910	2713	"de"	"de"
733	309	2019-09-23	1	"nein"	2019-12-24T16:11:58	"Walliser, Bruno"	"NR"	"ZH"	"SVP"	"V"	"SiK-NR"	2015-11-30		"M"	1966-04-11	4177	3099	"de"	"de"
489	309	2018-11-19	1	"nein"	2019-12-24T16:13:05	"Walliser, Bruno"	"NR"	"ZH"	"SVP"	"V"	"SiK-NR"	2015-11-30		"M"	1966-04-11	4177	3099	"de"	"de"
237	309	2017-05-27	1	"nein"	2019-12-24T16:13:39	"Walliser, Bruno"	"NR"	"ZH"	"SVP"	"V"	"SiK-NR"	2015-11-30		"M"	1966-04-11	4177	3099	"de"	"de"
734	251	2019-09-23	1	"nein"	2019-12-24T16:11:58	"Walti, Beat"	"NR"	"ZH"	"FDP"	"RL"	"Bü-NR, WAK-NR"	2014-06-02		"M"	1968-11-22	4142	3044	"de"	"de"
490	251	2018-11-19	1	"nein"	2019-12-24T16:13:05	"Walti, Beat"	"NR"	"ZH"	"FDP"	"RL"	"Bü-NR, WAK-NR"	2014-06-02		"M"	1968-11-22	4142	3044	"de"	"de"
239	251	2017-05-27	1	"nein"	2019-12-24T16:13:39	"Walti, Beat"	"NR"	"ZH"	"FDP"	"RL"	"Bü-NR, WAK-NR"	2014-06-02		"M"	1968-11-22	4142	3044	"de"	"de"
735	210	2019-09-23	1	"ja"	2019-12-24T16:11:58	"Wasserfallen, Christian"	"NR"	"BE"	"FDP"	"RL"	"KVF-NR, WBK-NR"	2007-12-03		"M"	1981-06-30	3912	2715	"de"	"de"
491	210	2018-11-19	1	"ja"	2019-12-24T16:13:05	"Wasserfallen, Christian"	"NR"	"BE"	"FDP"	"RL"	"KVF-NR, WBK-NR"	2007-12-03		"M"	1981-06-30	3912	2715	"de"	"de"
240	210	2017-05-27	1	"ja"	2019-12-24T16:13:39	"Wasserfallen, Christian"	"NR"	"BE"	"FDP"	"RL"	"KVF-NR, WBK-NR"	2007-12-03		"M"	1981-06-30	3912	2715	"de"	"de"
736	335	2019-09-23	1	"ja"	2019-12-24T16:11:58	"Wasserfallen, Flavia"	"NR"	"BE"	"SP"	"S"	"SGK-NR"	2018-05-29		"F"	1979-02-07	4224	3125	"de"	"de"
492	335	2018-11-19	1	"ja"	2019-12-24T16:13:05	"Wasserfallen, Flavia"	"NR"	"BE"	"SP"	"S"	"SGK-NR"	2018-05-29		"F"	1979-02-07	4224	3125	"de"	"de"
737	310	2019-09-23	1	"teilweise"	2019-12-24T16:11:58	"Wehrli, Laurent"	"NR"	"VD"	"FDP"	"RL"	"APF-V, APK-NR, IPU"	2015-11-30		"M"	1965-06-04	4194	3100	"fr"	"fr"
493	310	2018-11-19	1	"nein"	2019-12-24T16:13:05	"Wehrli, Laurent"	"NR"	"VD"	"FDP"	"RL"	"APF-V, APK-NR, IPU"	2015-11-30		"M"	1965-06-04	4194	3100	"fr"	"fr"
241	310	2017-05-27	1	"nein"	2019-12-24T16:13:39	"Wehrli, Laurent"	"NR"	"VD"	"FDP"	"RL"	"APF-V, APK-NR, IPU"	2015-11-30		"M"	1965-06-04	4194	3100	"fr"	"fr"
739	211	2019-09-23	1	"ja"	2019-12-24T16:11:58	"Wermuth, Cédric"	"NR"	"AG"	"SP"	"S"	"WAK-NR"	2011-12-05		"M"	1986-02-19	4057	2759	"de"	"de"
495	211	2018-11-19	1	"nein"	2019-12-24T16:13:05	"Wermuth, Cédric"	"NR"	"AG"	"SP"	"S"	"WAK-NR"	2011-12-05		"M"	1986-02-19	4057	2759	"de"	"de"
243	211	2017-05-27	1	"ja"	2019-12-24T16:13:39	"Wermuth, Cédric"	"NR"	"AG"	"SP"	"S"	"WAK-NR"	2011-12-05		"M"	1986-02-19	4057	2759	"de"	"de"
740	321	2019-09-23	1	"nein"	2019-12-24T16:11:58	"Wicki, Hans"	"SR"	"NW"	"FDP"	"RL"	"KVF-SR, SiK-SR, WAK-SR"	2015-11-30		"M"	1964-02-18	4152	3054	"de"	"de"
496	321	2018-11-19	1	"nein"	2019-12-24T16:13:05	"Wicki, Hans"	"SR"	"NW"	"FDP"	"RL"	"KVF-SR, SiK-SR, WAK-SR"	2015-11-30		"M"	1964-02-18	4152	3054	"de"	"de"
244	321	2017-05-27	1	"nein"	2019-12-24T16:13:39	"Wicki, Hans"	"SR"	"NW"	"FDP"	"RL"	"KVF-SR, SiK-SR, WAK-SR"	2015-11-30		"M"	1964-02-18	4152	3054	"de"	"de"
741	212	2019-09-23	1	"nein"	2019-12-24T16:11:58	"Wobmann, Walter"	"NR"	"SO"	"SVP"	"V"	"KVF-NR, UREK-NR"	2003-12-01		"M"	1957-11-21	1142	2638	"de"	"de"
497	212	2018-11-19	1	"nein"	2019-12-24T16:13:05	"Wobmann, Walter"	"NR"	"SO"	"SVP"	"V"	"KVF-NR, UREK-NR"	2003-12-01		"M"	1957-11-21	1142	2638	"de"	"de"
245	212	2017-05-27	1	"nein"	2019-12-24T16:13:39	"Wobmann, Walter"	"NR"	"SO"	"SVP"	"V"	"KVF-NR, UREK-NR"	2003-12-01		"M"	1957-11-21	1142	2638	"de"	"de"
742	345	2019-09-23	1	"nein"	2019-12-24T16:11:58	"Würth, Benedikt"	"SR"	"SG"	"M"	"M-E"	"APK-SR, EFTA/EU, FK-SR, WBK-SR"	2019-06-03		"M"	1968-01-20	4237	3136	"de"	"de"
745	246	2019-09-23	1	"nein"	2019-12-24T16:11:58	"Zanetti, Roberto"	"SR"	"SO"	"SP"	"S"	"FK-SR, RedK-V, UREK-SR, WAK-SR"	1999-12-06		"M"	1954-12-14	525	2546	"de"	"de"
500	246	2018-11-19	1	"nein"	2019-12-24T16:13:05	"Zanetti, Roberto"	"SR"	"SO"	"SP"	"S"	"FK-SR, RedK-V, UREK-SR, WAK-SR"	1999-12-06		"M"	1954-12-14	525	2546	"de"	"de"
247	246	2017-05-27	1	"ja"	2019-12-24T16:13:39	"Zanetti, Roberto"	"SR"	"SO"	"SP"	"S"	"FK-SR, RedK-V, UREK-SR, WAK-SR"	1999-12-06		"M"	1954-12-14	525	2546	"de"	"de"
746	312	2019-09-23	1	"nein"	2019-12-24T16:11:58	"Zuberbühler, David"	"NR"	"AR"	"SVP"	"V"	"Del FL-V, SiK-NR"	2015-11-30		"M"	1979-02-20	4179	3102	"de"	"de"
501	312	2018-11-19	1	"nein"	2019-12-24T16:13:05	"Zuberbühler, David"	"NR"	"AR"	"SVP"	"V"	"Del FL-V, SiK-NR"	2015-11-30		"M"	1979-02-20	4179	3102	"de"	"de"
248	312	2017-05-27	1	"nein"	2019-12-24T16:13:39	"Zuberbühler, David"	"NR"	"AR"	"SVP"	"V"	"Del FL-V, SiK-NR"	2015-11-30		"M"	1979-02-20	4179	3102	"de"	"de"
