id	mandat_id	jahr	verguetung	beschreibung	quelle_url	quelle_url_gueltig	quelle	freigabe_datum
5	1035	2014	174000		"http://www.sgb.ch/der-sgb/zentralsekretariat/"		"E-Mail SBG 16.6.2015"	2016-03-18T11:05:59
12	2412	2015	9000	"Spesenentschädigung"			"E-Mail 13.10.2016"	2019-07-19T14:06:36
15	2160	2020	86950	"umfasst alle Gesellschaften der Swica"			"Geschäftsbericht 2020"	2021-09-12T10:17:39
16	2158	2020	1	"Siehe Swica-Stiftung"				2021-09-12T10:24:03
17	2161	2020	1	"Siehe Swica-Stiftung"				2021-09-12T10:24:29
18	2162	2020	1	"Siehe Swica-Stiftung"				2021-09-12T10:24:45
19	2163	2020	1	"Siehe Swica-Stiftung"				2021-09-12T10:24:58
20	2164	2020	1	"Siehe Swica-Stiftung"				2021-09-12T10:25:22
21	2166	2020	1	"Siehe Swica-Stiftung"				2021-09-12T10:25:39
22	4484	2021	"0"	"Ehrenamtlich"				2021-10-05T13:40:41
23	4369	2021	"0"	"Ehrenamtlich"				2021-10-05T13:40:41
24	4370	2021	"0"	"Ehrenamtlich"				2021-10-05T13:40:41
