:LABEL	anzeige_name:string	anzeige_name_de:string	anzeige_name_fr:string	anzeige_name_mixed:string	id:ID(fraktion_id)	abkuerzung:string	name:string	name_fr:string	position:string	farbcode:string	beschreibung:string	beschreibung_fr:string	von:date	bis:date	wikipedia:string	wikidata_qid:string	freigabe_datum:localdatetime	name_de:string	beschreibung_de:string	freigabe_datum_unix:long
Fraktion	"RL, FDP-Liberale Fraktion"	"RL, FDP-Liberale Fraktion"	"RL, Groupe radical-libéral"	"RL, FDP-Liberale Fraktion / RL, Groupe radical-libéral"	1	"RL"	"FDP-Liberale Fraktion"	"Groupe radical-libéral"	"rechts"	"#0A4BD6"					"https://de.wikipedia.org/wiki/FDP-Liberale_Fraktion_der_Bundesversammlung"	"Q1387996"	2014-09-16T00:00:00	"FDP-Liberale Fraktion"		1410818400
Fraktion	"GL, Grünliberale Fraktion"	"GL, Grünliberale Fraktion"	"GL, Groupe vert-libéral"	"GL, Grünliberale Fraktion / GL, Groupe vert-libéral"	2	"GL"	"Grünliberale Fraktion"	"Groupe vert-libéral"	"mitte"	"#88487F"					"https://de.wikipedia.org/wiki/Gr%C3%BCnliberale_Fraktion_der_Bundesversammlung"	"Q1552293"	2014-09-16T00:00:00	"Grünliberale Fraktion"		1410818400
Fraktion	"S, Sozialdemokratische Fraktion"	"S, Sozialdemokratische Fraktion"	"S, Groupe socialiste"	"S, Sozialdemokratische Fraktion / S, Groupe socialiste"	3	"S"	"Sozialdemokratische Fraktion"	"Groupe socialiste"	"links"	"#FF0505"					"https://de.wikipedia.org/wiki/Sozialdemokratische_Fraktion_der_Bundesversammlung"	"Q2305290"	2014-09-16T00:00:00	"Sozialdemokratische Fraktion"		1410818400
Fraktion	"G, Grüne Fraktion"	"G, Grüne Fraktion"	"G, Groupe des Verts"	"G, Grüne Fraktion / G, Groupe des Verts"	4	"G"	"Grüne Fraktion"	"Groupe des Verts"	"links"	"#07F61E"					"https://de.wikipedia.org/wiki/Gr%C3%BCne_Fraktion_der_Bundesversammlung"	"Q688717"	2014-09-16T00:00:00	"Grüne Fraktion"		1410818400
Fraktion	"V, Fraktion der Schweizerischen Volkspartei"	"V, Fraktion der Schweizerischen Volkspartei"	"V, Groupe de l'Union démocratique du Centre"	"V, Fraktion der Schweizerischen Volkspartei / V, Groupe de l'Union démocratique du Centre"	5	"V"	"Fraktion der Schweizerischen Volkspartei"	"Groupe de l'Union démocratique du Centre"	"rechts"	"#0A7D3A"					"https://de.wikipedia.org/wiki/Fraktion_der_Schweizerischen_Volkspartei_der_Bundesversammlung"	"Q1305894"	2014-09-16T00:00:00	"Fraktion der Schweizerischen Volkspartei"		1410818400
Fraktion	"CE, Fraktion CVP-EVP"	"CE, Fraktion CVP-EVP"	"CE"	"CE, Fraktion CVP-EVP / CE"	6	"CE"	"Fraktion CVP-EVP"		"mitte"	"#FB7407"				2019-12-01	"https://de.wikipedia.org/wiki/Fraktion_CVP_der_Bundesversammlung"	"Q1440555"	2014-09-16T00:00:00	"Fraktion CVP-EVP"		1410818400
Fraktion	"BD, Fraktion BD"	"BD, Fraktion BD"	"BD"	"BD, Fraktion BD / BD"	7	"BD"	"Fraktion BD"		"mitte"	"#FFE543"			2002-03-20	2020-12-31	"https://de.wikipedia.org/wiki/Fraktion_der_B%C3%BCrgerlich-Demokratischen_Partei_der_Bundesversammlung"	"Q1440560"	2014-09-16T00:00:00	"Fraktion BD"		1410818400
Fraktion	"M-E, Mitte-Fraktion. Mitte-EVP."	"M-E, Mitte-Fraktion. Mitte-EVP."	"M-E, Le Groupe du Centre. Centre-PEV."	"M-E, Mitte-Fraktion. Mitte-EVP. / M-E, Le Groupe du Centre. Centre-PEV."	8	"M-E"	"Mitte-Fraktion. Mitte-EVP."	"Le Groupe du Centre. Centre-PEV."	"mitte"		"Die Mitte-Fraktion. Mitte-EVP. (M-CEB)"	"Le Groupe du Centre. Centre-PEV. (M-CED)"	2019-12-02		"https://de.wikipedia.org/wiki/Fraktion_CVP/EVP/glp_der_Bundesversammlung"	"Q663985"	2019-12-02T15:12:16	"Mitte-Fraktion. Mitte-EVP."	"Die Mitte-Fraktion. Mitte-EVP. (M-CEB)"	1575295936
