:LABEL	anzeige_name:string	anzeige_name_de:string	anzeige_name_fr:string	anzeige_name_mixed:string	abkuerzung_mixed:string	id:ID(rat_id)	abkuerzung:string	abkuerzung_fr:string	name_de:string	name_fr:string	name_it:string	name_en:string	anzahl_mitglieder:int	typ:string	interessenraum_id:int	anzeigestufe:int	gewicht:int	beschreibung:string	homepage_de:string	homepage_fr:string	homepage_it:string	homepage_en:string	mitglied_bezeichnung_maennlich_de:string	mitglied_bezeichnung_weiblich_de:string	mitglied_bezeichnung_maennlich_fr:string	mitglied_bezeichnung_weiblich_fr:string	parlament_id:int	parlament_type:char	wikipedia:string	wikidata_qid:string	freigabe_datum:localdatetime	freigabe_datum_unix:long
Rat	"Nationalrat"	"Nationalrat"	"Nationalrat"	"Nationalrat / Nationalrat"	"NR / CN"	1	"NR"	"CN"	"Nationalrat"	"Conseil national"	"Consiglio nazionale"	"National Council"	200	"legislativ"	1	10	10		"http://www.parlament.ch/D/ORGANE-MITGLIEDER/NATIONALRAT"	"http://www.parlament.ch/F/ORGANE-MITGLIEDER/NATIONALRAT"	"http://www.parlament.ch/i/organe-mitglieder/nationalrat/Pagine/default.aspx"	"http://www.parlament.ch/e/organe-mitglieder/nationalrat/Pages/default.aspx"	"Nationalrat"	"Nationalrätin"	"Le Conseiller national"	"La Conseillère nationale"	1	"N"	"https://de.wikipedia.org/wiki/Nationalrat_(Schweiz)"	"Q676078"	2014-09-16T00:00:00	1410818400
Rat	"Ständerat"	"Ständerat"	"Ständerat"	"Ständerat / Ständerat"	"SR / CE"	2	"SR"	"CE"	"Ständerat"	"Conseil des Etats"	"Consiglio degli Stati"	"Council of States"	46	"legislativ"	1	10	20		"http://www.parlament.ch/d/organe-mitglieder/staenderat/Seiten/default.aspx"	"http://www.parlament.ch/f/organe-mitglieder/staenderat/Pages/default.aspx"	"http://www.parlament.ch/i/organe-mitglieder/staenderat/Pagine/default.aspx"	"http://www.parlament.ch/E/ORGANE-MITGLIEDER/STAENDERAT/Pages/default.aspx"	"Ständerat"	"Ständerätin"	"Le Conseiller aux Etats"	"La Conseillère aux Etats"	2	"S"	"https://de.wikipedia.org/wiki/St%C3%A4nderat"	"Q609037"	2014-09-16T00:00:00	1410818400
Rat	"Bundesrat"	"Bundesrat"	"Bundesrat"	"Bundesrat / Bundesrat"	"BR / CF"	3	"BR"	"CF"	"Bundesrat"	"Conseil fédéral"	"Consiglio federale"	"Federal Council"	7	"exekutiv"	1	"0"	30		"http://www.admin.ch/br/org/index.html?lang=de"	"http://www.admin.ch/br/org/index.html?lang=fr"	"http://www.admin.ch/br/org/index.html?lang=it"	"http://www.admin.ch/br/org/index.html?lang=en"	"Bundesrat"	"Bundesrätin"	"Le Conseiller federal"	"La Conseillère federal"	"0"		"https://de.wikipedia.org/wiki/Bundesrat_(Schweiz)"	"Q30917"	2014-09-16T00:00:00	1410818400
Rat	"Vereinigte Bundesversammlung"	"Vereinigte Bundesversammlung"	"Vereinigte Bundesversammlung"	"Vereinigte Bundesversammlung / Vereinigte Bundesversammlung"	"B / "	4	"B"		"Vereinigte Bundesversammlung"	"Assemblée fédérale (Chambres réunies)"			248	"legislativ"	1	"0"	"0"										3	"B"	"https://de.wikipedia.org/wiki/Bundesversammlung_(Schweiz)#Vereinigte_Bundesversammlung"	"Q684719"	2015-03-21T00:00:00	1426892400
