:TYPE	id:int	mandat_id:int	jahr:int	verguetung:int	beschreibung:string	quelle_url:string	quelle_url_gueltig:int	quelle:string	freigabe_datum:localdatetime	person_id:END_ID(person_id)	organisation_id:START_ID(organisation_id)
VERGUETED	5	1035	2014	174000		"http://www.sgb.ch/der-sgb/zentralsekretariat/"		"E-Mail SBG 16.6.2015"	2016-03-18T11:05:59	230	36
VERGUETED	12	2412	2015	9000	"Spesenentschädigung"			"E-Mail 13.10.2016"	2019-07-19T14:06:36	201	5125
VERGUETED	15	2160	2020	86950	"umfasst alle Gesellschaften der Swica"			"Geschäftsbericht 2020"	2021-09-12T10:17:39	513	4513
VERGUETED	16	2158	2020	1	"Siehe Swica-Stiftung"				2021-09-12T10:24:03	513	485
VERGUETED	17	2161	2020	1	"Siehe Swica-Stiftung"				2021-09-12T10:24:29	513	4514
VERGUETED	18	2162	2020	1	"Siehe Swica-Stiftung"				2021-09-12T10:24:45	513	4515
VERGUETED	19	2163	2020	1	"Siehe Swica-Stiftung"				2021-09-12T10:24:58	513	4516
VERGUETED	20	2164	2020	1	"Siehe Swica-Stiftung"				2021-09-12T10:25:22	513	4517
VERGUETED	21	2166	2020	1	"Siehe Swica-Stiftung"				2021-09-12T10:25:39	513	484
VERGUETED	22	4484	2021	"0"	"Ehrenamtlich"				2021-10-05T13:40:41	956	1955
VERGUETED	23	4369	2021	"0"	"Ehrenamtlich"				2021-10-05T13:40:41	956	8131
VERGUETED	24	4370	2021	"0"	"Ehrenamtlich"				2021-10-05T13:40:41	956	8132
