:TYPE	id:int	parlamentarier_id:START_ID(parlamentarier_id)	kommission_id:END_ID(kommission_id)	funktion:string	parlament_committee_function:int	parlament_committee_function_name:string	von:date	bis:date	freigabe_datum:localdatetime	in_kommission_parlamentarier_kommission_funktion_unique:string
IST_IN_KOMMISSION	27	11	1	"mitglied"	1	"Mitglied"	2011-12-15		2015-06-19T12:40:36	"11_1_mitglied_9999-12-31"
IST_IN_KOMMISSION	32	14	1	"mitglied"	1	"Mitglied"	2011-12-15		2015-06-19T12:40:36	"14_1_mitglied_9999-12-31"
IST_IN_KOMMISSION	34	15	13	"mitglied"	1	"Mitglied"	2011-12-15		2015-06-20T00:00:00	"15_13_mitglied_9999-12-31"
IST_IN_KOMMISSION	35	15	1	"mitglied"	1	"Mitglied"	2011-12-15		2015-06-19T12:40:36	"15_1_mitglied_9999-12-31"
IST_IN_KOMMISSION	97	34	47	"mitglied"	1	"Mitglied"	2011-12-15		2015-06-19T12:40:36	"34_47_mitglied_9999-12-31"
IST_IN_KOMMISSION	106	36	49	"mitglied"	1	"Mitglied"	2011-12-15		2015-06-20T00:00:00	"36_49_mitglied_9999-12-31"
IST_IN_KOMMISSION	114	38	47	"mitglied"	1	"Mitglied"	2011-12-15		2015-06-19T12:40:36	"38_47_mitglied_9999-12-31"
IST_IN_KOMMISSION	115	38	53	"mitglied"	1	"Mitglied"	2011-12-15		2015-06-20T00:00:00	"38_53_mitglied_9999-12-31"
IST_IN_KOMMISSION	119	238	54	"mitglied"	1	"Mitglied"	2011-12-15		2015-06-20T00:00:00	"238_54_mitglied_9999-12-31"
IST_IN_KOMMISSION	120	238	53	"mitglied"	1	"Mitglied"	2011-12-15		2015-06-20T00:00:00	"238_53_mitglied_9999-12-31"
IST_IN_KOMMISSION	125	51	3	"mitglied"	1	"Mitglied"	2011-12-15		2015-06-19T12:40:36	"51_3_mitglied_9999-12-31"
IST_IN_KOMMISSION	141	180	3	"mitglied"	1	"Mitglied"	2011-12-15		2015-06-19T12:40:36	"180_3_mitglied_9999-12-31"
IST_IN_KOMMISSION	147	212	3	"mitglied"	1	"Mitglied"	2011-12-15		2015-06-19T12:40:36	"212_3_mitglied_9999-12-31"
IST_IN_KOMMISSION	164	39	17	"mitglied"	1	"Mitglied"	2013-11-25		2015-06-20T00:00:00	"39_17_mitglied_9999-12-31"
IST_IN_KOMMISSION	166	75	17	"mitglied"	1	"Mitglied"	2011-12-15		2015-06-20T00:00:00	"75_17_mitglied_9999-12-31"
IST_IN_KOMMISSION	168	89	17	"mitglied"	1	"Mitglied"	2013-03-07		2015-06-20T00:00:00	"89_17_mitglied_9999-12-31"
IST_IN_KOMMISSION	173	142	17	"mitglied"	1	"Mitglied"	2011-12-15		2015-06-20T00:00:00	"142_17_mitglied_9999-12-31"
IST_IN_KOMMISSION	180	161	17	"mitglied"	1	"Mitglied"	2013-11-25		2015-06-20T00:00:00	"161_17_mitglied_9999-12-31"
IST_IN_KOMMISSION	199	67	9	"mitglied"	1	"Mitglied"	2011-12-15		2015-06-20T00:00:00	"67_9_mitglied_9999-12-31"
IST_IN_KOMMISSION	204	117	9	"mitglied"	1	"Mitglied"	2013-03-07		2015-06-20T00:00:00	"117_9_mitglied_9999-12-31"
IST_IN_KOMMISSION	205	127	9	"mitglied"	1	"Mitglied"	2011-12-15		2015-06-20T00:00:00	"127_9_mitglied_9999-12-31"
IST_IN_KOMMISSION	211	167	9	"mitglied"	1	"Mitglied"	2011-12-15		2015-06-20T00:00:00	"167_9_mitglied_9999-12-31"
IST_IN_KOMMISSION	218	210	9	"mitglied"	1	"Mitglied"	2013-11-25		2015-06-20T00:00:00	"210_9_mitglied_9999-12-31"
IST_IN_KOMMISSION	236	83	7	"mitglied"	1	"Mitglied"	2011-12-15		2015-06-20T00:00:00	"83_7_mitglied_9999-12-31"
IST_IN_KOMMISSION	237	88	7	"mitglied"	1	"Mitglied"	2011-12-15		2015-06-20T00:00:00	"88_7_mitglied_9999-12-31"
IST_IN_KOMMISSION	267	65	5	"mitglied"	1	"Mitglied"	2011-12-15		2015-06-20T00:00:00	"65_5_mitglied_9999-12-31"
IST_IN_KOMMISSION	268	85	5	"mitglied"	1	"Mitglied"	2011-12-15		2015-06-20T00:00:00	"85_5_mitglied_9999-12-31"
IST_IN_KOMMISSION	276	120	5	"mitglied"	1	"Mitglied"	2011-12-15		2015-06-20T00:00:00	"120_5_mitglied_9999-12-31"
IST_IN_KOMMISSION	286	170	5	"mitglied"	1	"Mitglied"	2011-12-15		2015-06-20T00:00:00	"170_5_mitglied_9999-12-31"
IST_IN_KOMMISSION	289	212	5	"mitglied"	1	"Mitglied"	2011-12-15		2015-06-20T00:00:00	"212_5_mitglied_9999-12-31"
IST_IN_KOMMISSION	305	53	11	"mitglied"	1	"Mitglied"	2011-12-15		2015-06-19T12:40:36	"53_11_mitglied_9999-12-31"
IST_IN_KOMMISSION	306	55	11	"mitglied"	1	"Mitglied"	2011-12-15		2015-06-19T12:40:36	"55_11_mitglied_9999-12-31"
IST_IN_KOMMISSION	317	250	11	"mitglied"	1	"Mitglied"	2014-06-02		2015-06-19T12:40:36	"250_11_mitglied_9999-12-31"
IST_IN_KOMMISSION	322	178	11	"mitglied"	1	"Mitglied"	2011-12-15		2015-06-19T12:40:36	"178_11_mitglied_9999-12-31"
IST_IN_KOMMISSION	329	223	52	"mitglied"	1	"Mitglied"	2011-12-15		2015-06-19T12:40:36	"223_52_mitglied_9999-12-31"
IST_IN_KOMMISSION	331	227	52	"mitglied"	1	"Mitglied"	2011-12-15		2015-06-19T12:40:36	"227_52_mitglied_9999-12-31"
IST_IN_KOMMISSION	343	98	13	"mitglied"	1	"Mitglied"	2011-12-15		2015-06-20T00:00:00	"98_13_mitglied_9999-12-31"
IST_IN_KOMMISSION	348	144	13	"mitglied"	1	"Mitglied"	2013-03-07		2015-06-20T00:00:00	"144_13_mitglied_9999-12-31"
IST_IN_KOMMISSION	351	166	13	"mitglied"	1	"Mitglied"	2011-12-15		2015-06-20T00:00:00	"166_13_mitglied_9999-12-31"
IST_IN_KOMMISSION	353	182	13	"mitglied"	1	"Mitglied"	2012-11-27		2015-06-20T00:00:00	"182_13_mitglied_9999-12-31"
IST_IN_KOMMISSION	355	195	13	"mitglied"	1	"Mitglied"	2011-12-15		2015-06-20T00:00:00	"195_13_mitglied_9999-12-31"
IST_IN_KOMMISSION	360	223	53	"mitglied"	1	"Mitglied"	2011-12-15		2015-06-20T00:00:00	"223_53_mitglied_9999-12-31"
IST_IN_KOMMISSION	370	83	15	"mitglied"	1	"Mitglied"	2011-12-15		2015-06-20T00:00:00	"83_15_mitglied_9999-12-31"
IST_IN_KOMMISSION	379	158	15	"mitglied"	1	"Mitglied"	2013-11-25		2015-06-20T00:00:00	"158_15_mitglied_9999-12-31"
IST_IN_KOMMISSION	380	172	15	"mitglied"	1	"Mitglied"	2011-12-15		2015-06-20T00:00:00	"172_15_mitglied_9999-12-31"
IST_IN_KOMMISSION	396	230	54	"mitglied"	1	"Mitglied"	2014-03-03		2015-06-20T00:00:00	"230_54_mitglied_9999-12-31"
IST_IN_KOMMISSION	408	99	19	"mitglied"	1	"Mitglied"	2011-12-15		2015-06-20T00:00:00	"99_19_mitglied_9999-12-31"
IST_IN_KOMMISSION	410	104	19	"mitglied"	1	"Mitglied"	2011-12-15		2015-06-20T00:00:00	"104_19_mitglied_9999-12-31"
IST_IN_KOMMISSION	411	108	19	"mitglied"	1	"Mitglied"	2011-12-15		2015-06-20T00:00:00	"108_19_mitglied_9999-12-31"
IST_IN_KOMMISSION	421	190	19	"mitglied"	1	"Mitglied"	2013-11-25		2015-06-20T00:00:00	"190_19_mitglied_9999-12-31"
IST_IN_KOMMISSION	433	230	56	"mitglied"	1	"Mitglied"	2014-03-03		2015-06-20T00:00:00	"230_56_mitglied_9999-12-31"
IST_IN_KOMMISSION	437	246	56	"mitglied"	1	"Mitglied"	2013-11-25		2015-06-20T00:00:00	"246_56_mitglied_9999-12-31"
IST_IN_KOMMISSION	444	75	27	"mitglied"	1	"Mitglied"	2011-12-15		2015-06-20T00:00:00	"75_27_mitglied_9999-12-31"
IST_IN_KOMMISSION	455	195	27	"mitglied"	1	"Mitglied"	2011-12-15		2015-06-20T00:00:00	"195_27_mitglied_9999-12-31"
IST_IN_KOMMISSION	617	60	39	"mitglied"	9	"Stimmenzähler/in"	2011-12-05		2015-06-20T00:00:00	"60_39_mitglied_9999-12-31"
IST_IN_KOMMISSION	620	103	39	"mitglied"	9	"Stimmenzähler/in"	2007-12-03		2015-06-20T00:00:00	"103_39_mitglied_9999-12-31"
IST_IN_KOMMISSION	626	147	39	"mitglied"	11	"Fraktionspräsident/in"	2011-12-05		2015-06-20T00:00:00	"147_39_mitglied_9999-12-31"
IST_IN_KOMMISSION	638	41	11	"mitglied"	1	"Mitglied"	2014-09-08		2015-06-19T12:40:36	"41_11_mitglied_9999-12-31"
IST_IN_KOMMISSION	714	88	39	"mitglied"	10	"Ersatzstimmenzähler/in"	2015-11-30		2015-11-30T00:00:00	"88_39_mitglied_9999-12-31"
IST_IN_KOMMISSION	718	159	39	"mitglied"	11	"Fraktionspräsident/in"	2015-11-30		2015-11-30T00:00:00	"159_39_mitglied_9999-12-31"
IST_IN_KOMMISSION	729	57	19	"mitglied"	1	"Mitglied"	2015-12-10		2015-12-19T00:00:00	"57_19_mitglied_9999-12-31"
IST_IN_KOMMISSION	730	269	19	"mitglied"	1	"Mitglied"	2015-12-10		2015-12-19T00:00:00	"269_19_mitglied_9999-12-31"
IST_IN_KOMMISSION	741	305	19	"mitglied"	1	"Mitglied"	2015-12-10		2015-12-19T00:00:00	"305_19_mitglied_9999-12-31"
IST_IN_KOMMISSION	746	6	27	"mitglied"	1	"Mitglied"	2015-12-10		2015-12-19T00:00:00	"6_27_mitglied_9999-12-31"
IST_IN_KOMMISSION	747	80	27	"mitglied"	1	"Mitglied"	2015-12-10		2015-12-19T00:00:00	"80_27_mitglied_9999-12-31"
IST_IN_KOMMISSION	751	287	27	"mitglied"	1	"Mitglied"	2015-12-10		2015-12-19T00:00:00	"287_27_mitglied_9999-12-31"
IST_IN_KOMMISSION	754	297	27	"mitglied"	1	"Mitglied"	2015-12-10		2015-12-19T00:00:00	"297_27_mitglied_9999-12-31"
IST_IN_KOMMISSION	760	264	17	"mitglied"	1	"Mitglied"	2015-12-10		2015-12-19T00:00:00	"264_17_mitglied_9999-12-31"
IST_IN_KOMMISSION	764	276	17	"mitglied"	1	"Mitglied"	2015-12-10		2015-12-19T00:00:00	"276_17_mitglied_9999-12-31"
IST_IN_KOMMISSION	766	291	17	"mitglied"	1	"Mitglied"	2015-12-10		2015-12-19T00:00:00	"291_17_mitglied_9999-12-31"
IST_IN_KOMMISSION	767	158	17	"mitglied"	1	"Mitglied"	2015-12-10		2015-12-19T00:00:00	"158_17_mitglied_9999-12-31"
IST_IN_KOMMISSION	768	248	17	"mitglied"	1	"Mitglied"	2015-12-10		2015-12-19T00:00:00	"248_17_mitglied_9999-12-31"
IST_IN_KOMMISSION	771	310	17	"mitglied"	1	"Mitglied"	2015-12-10		2015-12-19T00:00:00	"310_17_mitglied_9999-12-31"
IST_IN_KOMMISSION	776	279	9	"mitglied"	1	"Mitglied"	2015-12-10		2015-12-19T00:00:00	"279_9_mitglied_9999-12-31"
IST_IN_KOMMISSION	789	80	1	"mitglied"	1	"Mitglied"	2015-12-10		2015-12-19T00:00:00	"80_1_mitglied_9999-12-31"
IST_IN_KOMMISSION	791	110	1	"mitglied"	1	"Mitglied"	2015-12-10		2015-12-19T00:00:00	"110_1_mitglied_9999-12-31"
IST_IN_KOMMISSION	793	117	1	"mitglied"	1	"Mitglied"	2015-12-10		2015-12-19T00:00:00	"117_1_mitglied_9999-12-31"
IST_IN_KOMMISSION	795	302	1	"mitglied"	1	"Mitglied"	2015-12-10		2015-12-19T00:00:00	"302_1_mitglied_9999-12-31"
IST_IN_KOMMISSION	797	289	3	"mitglied"	1	"Mitglied"	2015-12-10		2015-12-19T00:00:00	"289_3_mitglied_9999-12-31"
IST_IN_KOMMISSION	807	120	7	"mitglied"	1	"Mitglied"	2015-12-10		2015-12-19T00:00:00	"120_7_mitglied_9999-12-31"
IST_IN_KOMMISSION	812	304	7	"mitglied"	1	"Mitglied"	2015-12-10		2015-12-19T00:00:00	"304_7_mitglied_9999-12-31"
IST_IN_KOMMISSION	814	312	7	"mitglied"	1	"Mitglied"	2015-12-10		2015-12-19T00:00:00	"312_7_mitglied_9999-12-31"
IST_IN_KOMMISSION	818	268	5	"mitglied"	1	"Mitglied"	2015-12-10		2015-12-19T00:00:00	"268_5_mitglied_9999-12-31"
IST_IN_KOMMISSION	826	167	5	"mitglied"	1	"Mitglied"	2015-12-10		2015-12-19T00:00:00	"167_5_mitglied_9999-12-31"
IST_IN_KOMMISSION	828	182	5	"mitglied"	1	"Mitglied"	2015-12-10		2015-12-19T00:00:00	"182_5_mitglied_9999-12-31"
IST_IN_KOMMISSION	829	44	11	"mitglied"	1	"Mitglied"	2015-12-10		2015-12-19T00:00:00	"44_11_mitglied_9999-12-31"
IST_IN_KOMMISSION	832	101	11	"mitglied"	1	"Mitglied"	2015-12-10		2015-12-19T00:00:00	"101_11_mitglied_9999-12-31"
IST_IN_KOMMISSION	833	132	11	"mitglied"	1	"Mitglied"	2015-12-10		2015-12-19T00:00:00	"132_11_mitglied_9999-12-31"
IST_IN_KOMMISSION	836	294	11	"mitglied"	1	"Mitglied"	2015-12-10		2015-12-19T00:00:00	"294_11_mitglied_9999-12-31"
IST_IN_KOMMISSION	839	21	11	"mitglied"	1	"Mitglied"	2015-12-10		2015-12-19T00:00:00	"21_11_mitglied_9999-12-31"
IST_IN_KOMMISSION	840	251	11	"mitglied"	1	"Mitglied"	2015-12-10		2015-12-19T00:00:00	"251_11_mitglied_9999-12-31"
IST_IN_KOMMISSION	841	261	13	"mitglied"	1	"Mitglied"	2015-12-10		2015-12-19T00:00:00	"261_13_mitglied_9999-12-31"
IST_IN_KOMMISSION	843	265	13	"mitglied"	1	"Mitglied"	2015-12-10		2015-12-19T00:00:00	"265_13_mitglied_9999-12-31"
IST_IN_KOMMISSION	845	270	13	"mitglied"	1	"Mitglied"	2015-12-10		2015-12-19T00:00:00	"270_13_mitglied_9999-12-31"
IST_IN_KOMMISSION	851	147	13	"mitglied"	1	"Mitglied"	2015-12-10		2015-12-19T00:00:00	"147_13_mitglied_9999-12-31"
IST_IN_KOMMISSION	855	306	13	"mitglied"	1	"Mitglied"	2015-12-10		2015-12-19T00:00:00	"306_13_mitglied_9999-12-31"
IST_IN_KOMMISSION	858	264	15	"mitglied"	1	"Mitglied"	2015-12-10		2015-12-19T00:00:00	"264_15_mitglied_9999-12-31"
IST_IN_KOMMISSION	862	93	15	"mitglied"	1	"Mitglied"	2015-12-10		2015-12-19T00:00:00	"93_15_mitglied_9999-12-31"
IST_IN_KOMMISSION	869	308	15	"mitglied"	1	"Mitglied"	2015-12-10		2015-12-19T00:00:00	"308_15_mitglied_9999-12-31"
IST_IN_KOMMISSION	873	316	56	"mitglied"	1	"Mitglied"	2015-12-10		2015-12-19T00:00:00	"316_56_mitglied_9999-12-31"
IST_IN_KOMMISSION	886	125	55	"mitglied"	1	"Mitglied"	2015-12-10		2015-12-19T00:00:00	"125_55_mitglied_9999-12-31"
IST_IN_KOMMISSION	889	238	55	"mitglied"	1	"Mitglied"	2015-12-10		2015-12-19T00:00:00	"238_55_mitglied_9999-12-31"
IST_IN_KOMMISSION	898	219	47	"mitglied"	1	"Mitglied"	2015-12-10		2015-12-19T00:00:00	"219_47_mitglied_9999-12-31"
IST_IN_KOMMISSION	899	315	47	"mitglied"	1	"Mitglied"	2015-12-10		2015-12-19T00:00:00	"315_47_mitglied_9999-12-31"
IST_IN_KOMMISSION	907	318	48	"mitglied"	1	"Mitglied"	2015-12-10		2015-12-19T00:00:00	"318_48_mitglied_9999-12-31"
IST_IN_KOMMISSION	908	160	48	"mitglied"	1	"Mitglied"	2015-12-10		2015-12-19T00:00:00	"160_48_mitglied_9999-12-31"
IST_IN_KOMMISSION	909	319	48	"mitglied"	1	"Mitglied"	2015-12-10		2015-12-19T00:00:00	"319_48_mitglied_9999-12-31"
IST_IN_KOMMISSION	911	246	48	"mitglied"	1	"Mitglied"	2015-12-10		2015-12-19T00:00:00	"246_48_mitglied_9999-12-31"
IST_IN_KOMMISSION	915	86	50	"mitglied"	1	"Mitglied"	2015-12-10		2015-12-19T00:00:00	"86_50_mitglied_9999-12-31"
IST_IN_KOMMISSION	918	34	50	"mitglied"	1	"Mitglied"	2015-12-10		2015-12-19T00:00:00	"34_50_mitglied_9999-12-31"
IST_IN_KOMMISSION	919	321	50	"mitglied"	1	"Mitglied"	2015-12-10		2015-12-19T00:00:00	"321_50_mitglied_9999-12-31"
IST_IN_KOMMISSION	924	228	49	"mitglied"	1	"Mitglied"	2015-12-10		2015-12-19T00:00:00	"228_49_mitglied_9999-12-31"
IST_IN_KOMMISSION	929	160	52	"mitglied"	1	"Mitglied"	2015-12-10		2015-12-19T00:00:00	"160_52_mitglied_9999-12-31"
IST_IN_KOMMISSION	931	246	52	"mitglied"	1	"Mitglied"	2015-12-10		2015-12-19T00:00:00	"246_52_mitglied_9999-12-31"
IST_IN_KOMMISSION	939	66	54	"mitglied"	1	"Mitglied"	2015-12-10		2015-12-19T00:00:00	"66_54_mitglied_9999-12-31"
IST_IN_KOMMISSION	941	223	54	"mitglied"	1	"Mitglied"	2015-12-10		2015-12-19T00:00:00	"223_54_mitglied_9999-12-31"
IST_IN_KOMMISSION	944	242	54	"mitglied"	1	"Mitglied"	2015-12-10		2015-12-19T00:00:00	"242_54_mitglied_9999-12-31"
IST_IN_KOMMISSION	1038	6	60	"mitglied"	12	"Stellvertreter/in"	2015-12-10		2015-12-19T00:00:00	"6_60_mitglied_9999-12-31"
IST_IN_KOMMISSION	1081	299	3	"mitglied"	1	"Mitglied"	2016-02-12		2016-02-15T00:00:00	"299_3_mitglied_9999-12-31"
IST_IN_KOMMISSION	1126	99	7	"mitglied"	1	"Mitglied"	2016-08-29		2016-09-03T00:00:00	"99_7_mitglied_9999-12-31"
IST_IN_KOMMISSION	1140	315	49	"mitglied"	1	"Mitglied"	2016-12-17		2016-12-24T00:00:00	"315_49_mitglied_9999-12-31"
IST_IN_KOMMISSION	1141	187	19	"mitglied"	1	"Mitglied"	2017-02-27		2017-02-28T00:00:00	"187_19_mitglied_9999-12-31"
IST_IN_KOMMISSION	1156	256	19	"mitglied"	1	"Mitglied"	2017-09-11		2017-09-15T00:00:00	"256_19_mitglied_9999-12-31"
IST_IN_KOMMISSION	1160	41	39	"mitglied"	11	"Fraktionspräsident/in"	2017-11-17		2017-11-24T00:00:00	"41_39_mitglied_9999-12-31"
IST_IN_KOMMISSION	1161	251	39	"mitglied"	11	"Fraktionspräsident/in"	2017-11-17		2017-11-24T00:00:00	"251_39_mitglied_9999-12-31"
IST_IN_KOMMISSION	1166	110	19	"mitglied"	1	"Mitglied"	2017-11-30		2017-12-01T00:00:00	"110_19_mitglied_9999-12-31"
IST_IN_KOMMISSION	1169	298	19	"mitglied"	1	"Mitglied"	2017-11-27		2017-12-01T00:00:00	"298_19_mitglied_9999-12-31"
IST_IN_KOMMISSION	1171	116	27	"mitglied"	1	"Mitglied"	2017-11-27		2017-12-01T00:00:00	"116_27_mitglied_9999-12-31"
IST_IN_KOMMISSION	1174	60	17	"mitglied"	1	"Mitglied"	2017-11-27		2017-12-01T00:00:00	"60_17_mitglied_9999-12-31"
IST_IN_KOMMISSION	1180	41	1	"mitglied"	1	"Mitglied"	2017-11-27		2017-12-01T00:00:00	"41_1_mitglied_9999-12-31"
IST_IN_KOMMISSION	1183	297	1	"mitglied"	1	"Mitglied"	2017-11-27		2017-12-01T00:00:00	"297_1_mitglied_9999-12-31"
IST_IN_KOMMISSION	1186	153	3	"mitglied"	1	"Mitglied"	2017-11-27		2017-12-01T00:00:00	"153_3_mitglied_9999-12-31"
IST_IN_KOMMISSION	1216	38	57	"mitglied"	1	"Mitglied"	2017-11-27		2017-12-01T00:00:00	"38_57_mitglied_9999-12-31"
IST_IN_KOMMISSION	1221	228	51	"mitglied"	1	"Mitglied"	2017-11-27		2017-12-01T00:00:00	"228_51_mitglied_9999-12-31"
IST_IN_KOMMISSION	1233	86	49	"mitglied"	1	"Mitglied"	2017-11-27		2017-12-01T00:00:00	"86_49_mitglied_9999-12-31"
IST_IN_KOMMISSION	1237	242	52	"mitglied"	1	"Mitglied"	2017-11-27		2017-12-01T00:00:00	"242_52_mitglied_9999-12-31"
IST_IN_KOMMISSION	1254	166	60	"mitglied"	1	"Mitglied"	2017-11-27		2017-12-01T00:00:00	"166_60_mitglied_9999-12-31"
IST_IN_KOMMISSION	1256	327	17	"mitglied"	1	"Mitglied"	2017-11-27		2017-12-01T00:00:00	"327_17_mitglied_9999-12-31"
IST_IN_KOMMISSION	1258	326	7	"mitglied"	1	"Mitglied"	2017-11-27		2017-12-01T00:00:00	"326_7_mitglied_9999-12-31"
IST_IN_KOMMISSION	1296	183	11	"mitglied"	1	"Mitglied"	2018-03-12		2018-03-16T00:00:00	"183_11_mitglied_9999-12-31"
IST_IN_KOMMISSION	1298	334	27	"mitglied"	1	"Mitglied"	2018-03-12		2018-03-16T00:00:00	"334_27_mitglied_9999-12-31"
IST_IN_KOMMISSION	1299	332	17	"mitglied"	1	"Mitglied"	2018-03-15		2018-03-16T00:00:00	"332_17_mitglied_9999-12-31"
IST_IN_KOMMISSION	1306	40	5	"mitglied"	1	"Mitglied"	2018-05-31		2018-06-01T00:00:00	"40_5_mitglied_9999-12-31"
IST_IN_KOMMISSION	1309	293	15	"mitglied"	1	"Mitglied"	2018-05-31		2018-06-01T00:00:00	"293_15_mitglied_9999-12-31"
IST_IN_KOMMISSION	1313	331	1	"mitglied"	1	"Mitglied"	2018-06-12		2018-06-15T00:00:00	"331_1_mitglied_9999-12-31"
IST_IN_KOMMISSION	1314	337	9	"mitglied"	1	"Mitglied"	2018-06-12		2018-06-15T00:00:00	"337_9_mitglied_9999-12-31"
IST_IN_KOMMISSION	1336	34	59	"mitglied"	1	"Mitglied"	2018-11-26		2018-12-01T00:00:00	"34_59_mitglied_9999-12-31"
IST_IN_KOMMISSION	1342	49	11	"mitglied"	1	"Mitglied"	2018-12-10		2018-12-14T00:00:00	"49_11_mitglied_9999-12-31"
IST_IN_KOMMISSION	1346	339	13	"mitglied"	1	"Mitglied"	2018-12-10		2018-12-14T00:00:00	"339_13_mitglied_9999-12-31"
IST_IN_KOMMISSION	1359	328	9	"mitglied"	1	"Mitglied"	2019-01-09		2019-01-11T00:00:00	"328_9_mitglied_9999-12-31"
IST_IN_KOMMISSION	1360	277	11	"mitglied"	1	"Mitglied"	2019-01-09		2019-01-11T00:00:00	"277_11_mitglied_9999-12-31"
IST_IN_KOMMISSION	1373	340	15	"mitglied"	1	"Mitglied"	2019-03-04		2019-03-09T00:00:00	"340_15_mitglied_9999-12-31"
IST_IN_KOMMISSION	1374	341	3	"mitglied"	1	"Mitglied"	2019-03-04		2019-04-02T00:00:00	"341_3_mitglied_9999-12-31"
IST_IN_KOMMISSION	1380	305	5	"mitglied"	1	"Mitglied"	2019-06-03		2019-06-07T00:00:00	"305_5_mitglied_9999-12-31"
IST_IN_KOMMISSION	1381	280	60	"mitglied"	1	"Mitglied"	2019-06-03		2019-06-07T00:00:00	"280_60_mitglied_9999-12-31"
IST_IN_KOMMISSION	1382	344	1	"mitglied"	1	"Mitglied"	2019-06-03		2019-06-07T00:00:00	"344_1_mitglied_9999-12-31"
IST_IN_KOMMISSION	1384	76	57	"mitglied"	1	"Mitglied"	2019-06-21		2019-06-21T00:00:00	"76_57_mitglied_9999-12-31"
IST_IN_KOMMISSION	1385	319	55	"mitglied"	1	"Mitglied"	2019-06-21		2019-06-21T00:00:00	"319_55_mitglied_9999-12-31"
IST_IN_KOMMISSION	1387	228	47	"mitglied"	1	"Mitglied"	2019-06-21		2019-06-21T00:00:00	"228_47_mitglied_9999-12-31"
IST_IN_KOMMISSION	1388	317	47	"mitglied"	1	"Mitglied"	2019-06-21		2019-06-21T00:00:00	"317_47_mitglied_9999-12-31"
IST_IN_KOMMISSION	1389	219	48	"mitglied"	1	"Mitglied"	2019-06-21		2019-06-21T00:00:00	"219_48_mitglied_9999-12-31"
IST_IN_KOMMISSION	1391	316	52	"mitglied"	1	"Mitglied"	2019-06-21		2019-06-21T00:00:00	"316_52_mitglied_9999-12-31"
IST_IN_KOMMISSION	1392	76	53	"mitglied"	1	"Mitglied"	2019-06-21		2019-06-21T00:00:00	"76_53_mitglied_9999-12-31"
IST_IN_KOMMISSION	1394	340	60	"mitglied"	12	"Stellvertreter/in"	2019-08-23		2019-09-02T00:00:00	"340_60_mitglied_9999-12-31"
IST_IN_KOMMISSION	1396	371	39	"mitglied"	10	"Ersatzstimmenzähler/in"	2019-12-02		2019-12-02T00:00:00	"371_39_mitglied_9999-12-31"
IST_IN_KOMMISSION	1397	269	39	"mitglied"	9	"Stimmenzähler/in"	2019-12-02		2019-12-02T00:00:00	"269_39_mitglied_9999-12-31"
IST_IN_KOMMISSION	1398	75	39	"mitglied"	10	"Ersatzstimmenzähler/in"	2019-12-02		2019-12-02T00:00:00	"75_39_mitglied_9999-12-31"
IST_IN_KOMMISSION	1400	337	39	"mitglied"	10	"Ersatzstimmenzähler/in"	2019-12-02		2019-12-02T00:00:00	"337_39_mitglied_9999-12-31"
IST_IN_KOMMISSION	1402	331	39	"mitglied"	9	"Stimmenzähler/in"	2019-12-02		2019-12-02T00:00:00	"331_39_mitglied_9999-12-31"
IST_IN_KOMMISSION	1415	39	59	"mitglied"	1	"Mitglied"	2019-12-02		2019-12-02T00:00:00	"39_59_mitglied_9999-12-31"
IST_IN_KOMMISSION	1416	230	59	"mitglied"	1	"Mitglied"	2019-12-02		2019-12-02T00:00:00	"230_59_mitglied_9999-12-31"
IST_IN_KOMMISSION	1417	329	59	"mitglied"	1	"Mitglied"	2019-12-02		2019-12-02T00:00:00	"329_59_mitglied_9999-12-31"
IST_IN_KOMMISSION	1419	371	19	"mitglied"	1	"Mitglied"	2019-12-02		2019-12-16T00:00:00	"371_19_mitglied_9999-12-31"
IST_IN_KOMMISSION	1420	355	19	"mitglied"	1	"Mitglied"	2019-12-02		2019-12-16T00:00:00	"355_19_mitglied_9999-12-31"
IST_IN_KOMMISSION	1422	393	19	"mitglied"	1	"Mitglied"	2019-12-02		2019-12-16T00:00:00	"393_19_mitglied_9999-12-31"
IST_IN_KOMMISSION	1424	82	19	"vizepraesident"	6	"Vizepräsident/in"	2019-12-02		2019-12-16T00:00:00	"82_19_vizepraesident_9999-12-31"
IST_IN_KOMMISSION	1425	89	19	"mitglied"	1	"Mitglied"	2019-12-02		2019-12-16T00:00:00	"89_19_mitglied_9999-12-31"
IST_IN_KOMMISSION	1426	391	19	"mitglied"	1	"Mitglied"	2019-12-02		2019-12-16T00:00:00	"391_19_mitglied_9999-12-31"
IST_IN_KOMMISSION	1427	407	19	"mitglied"	1	"Mitglied"	2019-12-02		2019-12-16T00:00:00	"407_19_mitglied_9999-12-31"
IST_IN_KOMMISSION	1429	354	19	"mitglied"	1	"Mitglied"	2019-12-02		2019-12-16T00:00:00	"354_19_mitglied_9999-12-31"
IST_IN_KOMMISSION	1431	265	27	"mitglied"	1	"Mitglied"	2019-12-02		2019-12-16T00:00:00	"265_27_mitglied_9999-12-31"
IST_IN_KOMMISSION	1432	364	27	"mitglied"	1	"Mitglied"	2019-12-02		2019-12-16T00:00:00	"364_27_mitglied_9999-12-31"
IST_IN_KOMMISSION	1433	55	27	"vizepraesident"	6	"Vizepräsident/in"	2019-12-02		2019-12-16T00:00:00	"55_27_vizepraesident_9999-12-31"
IST_IN_KOMMISSION	1434	369	27	"mitglied"	1	"Mitglied"	2019-12-02		2019-12-16T00:00:00	"369_27_mitglied_9999-12-31"
IST_IN_KOMMISSION	1435	348	27	"mitglied"	1	"Mitglied"	2019-12-02		2019-12-16T00:00:00	"348_27_mitglied_9999-12-31"
IST_IN_KOMMISSION	1436	289	27	"mitglied"	1	"Mitglied"	2019-12-02		2019-12-16T00:00:00	"289_27_mitglied_9999-12-31"
IST_IN_KOMMISSION	1437	314	27	"mitglied"	1	"Mitglied"	2019-12-02		2019-12-16T00:00:00	"314_27_mitglied_9999-12-31"
IST_IN_KOMMISSION	1438	153	27	"mitglied"	1	"Mitglied"	2019-12-02		2019-12-16T00:00:00	"153_27_mitglied_9999-12-31"
IST_IN_KOMMISSION	1439	333	27	"mitglied"	1	"Mitglied"	2019-12-02		2019-12-16T00:00:00	"333_27_mitglied_9999-12-31"
IST_IN_KOMMISSION	1440	408	27	"mitglied"	1	"Mitglied"	2019-12-02		2019-12-16T00:00:00	"408_27_mitglied_9999-12-31"
IST_IN_KOMMISSION	1441	411	27	"mitglied"	1	"Mitglied"	2019-12-02		2019-12-16T00:00:00	"411_27_mitglied_9999-12-31"
IST_IN_KOMMISSION	1442	304	27	"mitglied"	1	"Mitglied"	2019-12-02		2019-12-16T00:00:00	"304_27_mitglied_9999-12-31"
IST_IN_KOMMISSION	1443	353	27	"mitglied"	1	"Mitglied"	2019-12-02		2019-12-16T00:00:00	"353_27_mitglied_9999-12-31"
IST_IN_KOMMISSION	1445	206	27	"praesident"	2	"Präsident/in"	2019-12-02		2019-12-16T00:00:00	"206_27_praesident_9999-12-31"
IST_IN_KOMMISSION	1446	386	27	"mitglied"	1	"Mitglied"	2019-12-02		2019-12-16T00:00:00	"386_27_mitglied_9999-12-31"
IST_IN_KOMMISSION	1447	355	17	"mitglied"	1	"Mitglied"	2019-12-02		2019-12-16T00:00:00	"355_17_mitglied_9999-12-31"
IST_IN_KOMMISSION	1448	49	17	"mitglied"	1	"Mitglied"	2019-12-02		2019-12-16T00:00:00	"49_17_mitglied_9999-12-31"
IST_IN_KOMMISSION	1449	63	17	"mitglied"	1	"Mitglied"	2019-12-02		2019-12-16T00:00:00	"63_17_mitglied_9999-12-31"
IST_IN_KOMMISSION	1450	330	17	"mitglied"	1	"Mitglied"	2019-12-02		2019-12-16T00:00:00	"330_17_mitglied_9999-12-31"
IST_IN_KOMMISSION	1451	82	17	"mitglied"	1	"Mitglied"	2019-12-02		2019-12-16T00:00:00	"82_17_mitglied_9999-12-31"
IST_IN_KOMMISSION	1452	374	17	"mitglied"	1	"Mitglied"	2019-12-02		2019-12-16T00:00:00	"374_17_mitglied_9999-12-31"
IST_IN_KOMMISSION	1453	285	17	"vizepraesident"	6	"Vizepräsident/in"	2019-12-02		2019-12-16T00:00:00	"285_17_vizepraesident_9999-12-31"
IST_IN_KOMMISSION	1454	147	17	"praesident"	2	"Präsident/in"	2019-12-02		2019-12-16T00:00:00	"147_17_praesident_9999-12-31"
IST_IN_KOMMISSION	1455	166	17	"mitglied"	1	"Mitglied"	2019-12-02		2019-12-16T00:00:00	"166_17_mitglied_9999-12-31"
IST_IN_KOMMISSION	1456	188	17	"mitglied"	1	"Mitglied"	2019-12-02		2019-12-16T00:00:00	"188_17_mitglied_9999-12-31"
IST_IN_KOMMISSION	1457	422	17	"mitglied"	1	"Mitglied"	2019-12-02		2019-12-16T00:00:00	"422_17_mitglied_9999-12-31"
IST_IN_KOMMISSION	1458	40	9	"mitglied"	1	"Mitglied"	2019-12-02		2019-12-16T00:00:00	"40_9_mitglied_9999-12-31"
IST_IN_KOMMISSION	1459	368	9	"mitglied"	1	"Mitglied"	2019-12-02		2019-12-16T00:00:00	"368_9_mitglied_9999-12-31"
IST_IN_KOMMISSION	1460	365	9	"mitglied"	1	"Mitglied"	2019-12-02		2019-12-16T00:00:00	"365_9_mitglied_9999-12-31"
IST_IN_KOMMISSION	1461	390	9	"mitglied"	1	"Mitglied"	2019-12-02		2019-12-16T00:00:00	"390_9_mitglied_9999-12-31"
IST_IN_KOMMISSION	1462	395	9	"vizepraesident"	6	"Vizepräsident/in"	2019-12-02		2019-12-16T00:00:00	"395_9_vizepraesident_9999-12-31"
IST_IN_KOMMISSION	1463	376	9	"mitglied"	1	"Mitglied"	2019-12-02		2019-12-16T00:00:00	"376_9_mitglied_9999-12-31"
IST_IN_KOMMISSION	1465	343	9	"mitglied"	1	"Mitglied"	2019-12-02		2019-12-16T00:00:00	"343_9_mitglied_9999-12-31"
IST_IN_KOMMISSION	1466	397	9	"mitglied"	1	"Mitglied"	2019-12-02		2019-12-16T00:00:00	"397_9_mitglied_9999-12-31"
IST_IN_KOMMISSION	1468	412	9	"mitglied"	1	"Mitglied"	2019-12-02		2019-12-16T00:00:00	"412_9_mitglied_9999-12-31"
IST_IN_KOMMISSION	1469	413	9	"mitglied"	1	"Mitglied"	2019-12-02		2019-12-16T00:00:00	"413_9_mitglied_9999-12-31"
IST_IN_KOMMISSION	1471	417	9	"mitglied"	1	"Mitglied"	2019-12-02		2019-12-16T00:00:00	"417_9_mitglied_9999-12-31"
IST_IN_KOMMISSION	1472	350	9	"mitglied"	1	"Mitglied"	2019-12-02		2019-12-16T00:00:00	"350_9_mitglied_9999-12-31"
IST_IN_KOMMISSION	1473	419	9	"mitglied"	1	"Mitglied"	2019-12-02		2019-12-16T00:00:00	"419_9_mitglied_9999-12-31"
IST_IN_KOMMISSION	1474	372	9	"mitglied"	1	"Mitglied"	2019-12-02		2019-12-16T00:00:00	"372_9_mitglied_9999-12-31"
IST_IN_KOMMISSION	1475	44	1	"mitglied"	1	"Mitglied"	2019-12-02		2019-12-16T00:00:00	"44_1_mitglied_9999-12-31"
IST_IN_KOMMISSION	1476	6	1	"mitglied"	1	"Mitglied"	2019-12-02		2019-12-16T00:00:00	"6_1_mitglied_9999-12-31"
IST_IN_KOMMISSION	1477	278	1	"mitglied"	1	"Mitglied"	2019-12-02		2019-12-16T00:00:00	"278_1_mitglied_9999-12-31"
IST_IN_KOMMISSION	1478	283	1	"mitglied"	1	"Mitglied"	2019-12-02		2019-12-16T00:00:00	"283_1_mitglied_9999-12-31"
IST_IN_KOMMISSION	1479	12	1	"praesident"	2	"Präsident/in"	2019-12-02		2019-12-16T00:00:00	"12_1_praesident_9999-12-31"
IST_IN_KOMMISSION	1480	359	1	"mitglied"	1	"Mitglied"	2019-12-02		2019-12-16T00:00:00	"359_1_mitglied_9999-12-31"
IST_IN_KOMMISSION	1481	351	1	"mitglied"	1	"Mitglied"	2019-12-02		2019-12-16T00:00:00	"351_1_mitglied_9999-12-31"
IST_IN_KOMMISSION	1482	357	1	"mitglied"	1	"Mitglied"	2019-12-02		2019-12-16T00:00:00	"357_1_mitglied_9999-12-31"
IST_IN_KOMMISSION	1483	296	1	"mitglied"	1	"Mitglied"	2019-12-02		2019-12-16T00:00:00	"296_1_mitglied_9999-12-31"
IST_IN_KOMMISSION	1484	410	1	"mitglied"	1	"Mitglied"	2019-12-02		2019-12-16T00:00:00	"410_1_mitglied_9999-12-31"
IST_IN_KOMMISSION	1485	411	1	"mitglied"	1	"Mitglied"	2019-12-02		2019-12-16T00:00:00	"411_1_mitglied_9999-12-31"
IST_IN_KOMMISSION	1486	180	1	"vizepraesident"	6	"Vizepräsident/in"	2019-12-02		2019-12-16T00:00:00	"180_1_vizepraesident_9999-12-31"
IST_IN_KOMMISSION	1487	335	1	"mitglied"	1	"Mitglied"	2019-12-02		2019-12-16T00:00:00	"335_1_mitglied_9999-12-31"
IST_IN_KOMMISSION	1488	386	1	"mitglied"	1	"Mitglied"	2019-12-02		2019-12-16T00:00:00	"386_1_mitglied_9999-12-31"
IST_IN_KOMMISSION	1489	57	3	"vizepraesident"	6	"Vizepräsident/in"	2019-12-02		2019-12-16T00:00:00	"57_3_vizepraesident_9999-12-31"
IST_IN_KOMMISSION	1490	63	3	"mitglied"	1	"Mitglied"	2019-12-02		2019-12-16T00:00:00	"63_3_mitglied_9999-12-31"
IST_IN_KOMMISSION	1491	67	3	"mitglied"	1	"Mitglied"	2019-12-02		2019-12-16T00:00:00	"67_3_mitglied_9999-12-31"
IST_IN_KOMMISSION	1492	383	3	"mitglied"	1	"Mitglied"	2019-12-02		2019-12-16T00:00:00	"383_3_mitglied_9999-12-31"
IST_IN_KOMMISSION	1493	375	3	"mitglied"	1	"Mitglied"	2019-12-02		2019-12-16T00:00:00	"375_3_mitglied_9999-12-31"
IST_IN_KOMMISSION	1494	96	3	"praesident"	2	"Präsident/in"	2019-12-02		2019-12-16T00:00:00	"96_3_praesident_9999-12-31"
IST_IN_KOMMISSION	1495	314	3	"mitglied"	1	"Mitglied"	2019-12-02		2019-12-16T00:00:00	"314_3_mitglied_9999-12-31"
IST_IN_KOMMISSION	1496	403	3	"mitglied"	1	"Mitglied"	2019-12-02		2019-12-16T00:00:00	"403_3_mitglied_9999-12-31"
IST_IN_KOMMISSION	1497	144	3	"mitglied"	1	"Mitglied"	2019-12-02		2019-12-16T00:00:00	"144_3_mitglied_9999-12-31"
IST_IN_KOMMISSION	1498	154	3	"mitglied"	1	"Mitglied"	2019-12-02		2019-12-16T00:00:00	"154_3_mitglied_9999-12-31"
IST_IN_KOMMISSION	1499	159	3	"mitglied"	1	"Mitglied"	2019-12-02		2019-12-16T00:00:00	"159_3_mitglied_9999-12-31"
IST_IN_KOMMISSION	1500	333	3	"mitglied"	1	"Mitglied"	2019-12-02		2019-12-16T00:00:00	"333_3_mitglied_9999-12-31"
IST_IN_KOMMISSION	1501	379	3	"mitglied"	1	"Mitglied"	2019-12-02		2019-12-16T00:00:00	"379_3_mitglied_9999-12-31"
IST_IN_KOMMISSION	1502	370	3	"mitglied"	1	"Mitglied"	2019-12-02		2019-12-16T00:00:00	"370_3_mitglied_9999-12-31"
IST_IN_KOMMISSION	1503	361	3	"mitglied"	1	"Mitglied"	2019-12-02		2019-12-16T00:00:00	"361_3_mitglied_9999-12-31"
IST_IN_KOMMISSION	1504	363	3	"mitglied"	1	"Mitglied"	2019-12-02		2019-12-16T00:00:00	"363_3_mitglied_9999-12-31"
IST_IN_KOMMISSION	1505	261	7	"mitglied"	1	"Mitglied"	2019-12-02		2019-12-16T00:00:00	"261_7_mitglied_9999-12-31"
IST_IN_KOMMISSION	1506	65	7	"mitglied"	1	"Mitglied"	2019-12-02		2019-12-16T00:00:00	"65_7_mitglied_9999-12-31"
IST_IN_KOMMISSION	1507	392	7	"mitglied"	1	"Mitglied"	2019-12-02		2019-12-16T00:00:00	"392_7_mitglied_9999-12-31"
IST_IN_KOMMISSION	1508	81	7	"mitglied"	1	"Mitglied"	2019-12-02		2019-12-16T00:00:00	"81_7_mitglied_9999-12-31"
IST_IN_KOMMISSION	1509	395	7	"mitglied"	1	"Mitglied"	2019-12-02		2019-12-16T00:00:00	"395_7_mitglied_9999-12-31"
IST_IN_KOMMISSION	1510	97	7	"praesident"	2	"Präsident/in"	2019-12-02		2019-12-16T00:00:00	"97_7_praesident_9999-12-31"
IST_IN_KOMMISSION	1511	103	7	"mitglied"	1	"Mitglied"	2019-12-02		2019-12-16T00:00:00	"103_7_mitglied_9999-12-31"
IST_IN_KOMMISSION	1512	394	7	"mitglied"	1	"Mitglied"	2019-12-02		2019-12-16T00:00:00	"394_7_mitglied_9999-12-31"
IST_IN_KOMMISSION	1513	287	7	"mitglied"	1	"Mitglied"	2019-12-02		2019-12-16T00:00:00	"287_7_mitglied_9999-12-31"
IST_IN_KOMMISSION	1514	293	7	"mitglied"	1	"Mitglied"	2019-12-02		2019-12-16T00:00:00	"293_7_mitglied_9999-12-31"
IST_IN_KOMMISSION	1515	409	7	"mitglied"	1	"Mitglied"	2019-12-02		2019-12-16T00:00:00	"409_7_mitglied_9999-12-31"
IST_IN_KOMMISSION	1516	410	7	"mitglied"	1	"Mitglied"	2019-12-02		2019-12-16T00:00:00	"410_7_mitglied_9999-12-31"
IST_IN_KOMMISSION	1517	414	7	"mitglied"	1	"Mitglied"	2019-12-02		2019-12-16T00:00:00	"414_7_mitglied_9999-12-31"
IST_IN_KOMMISSION	1518	415	7	"mitglied"	1	"Mitglied"	2019-12-02		2019-12-16T00:00:00	"415_7_mitglied_9999-12-31"
IST_IN_KOMMISSION	1519	416	7	"mitglied"	1	"Mitglied"	2019-12-02		2019-12-16T00:00:00	"416_7_mitglied_9999-12-31"
IST_IN_KOMMISSION	1520	349	7	"mitglied"	1	"Mitglied"	2019-12-02		2019-12-16T00:00:00	"349_7_mitglied_9999-12-31"
IST_IN_KOMMISSION	1521	307	7	"vizepraesident"	6	"Vizepräsident/in"	2019-12-02		2019-12-16T00:00:00	"307_7_vizepraesident_9999-12-31"
IST_IN_KOMMISSION	1522	309	7	"mitglied"	1	"Mitglied"	2019-12-02		2019-12-16T00:00:00	"309_7_mitglied_9999-12-31"
IST_IN_KOMMISSION	1523	340	5	"mitglied"	1	"Mitglied"	2019-12-02		2019-12-16T00:00:00	"340_5_mitglied_9999-12-31"
IST_IN_KOMMISSION	1524	369	5	"mitglied"	1	"Mitglied"	2019-12-02		2019-12-16T00:00:00	"369_5_mitglied_9999-12-31"
IST_IN_KOMMISSION	1525	360	5	"mitglied"	1	"Mitglied"	2019-12-02		2019-12-16T00:00:00	"360_5_mitglied_9999-12-31"
IST_IN_KOMMISSION	1526	103	5	"mitglied"	1	"Mitglied"	2019-12-02		2019-12-16T00:00:00	"103_5_mitglied_9999-12-31"
IST_IN_KOMMISSION	1527	337	5	"mitglied"	1	"Mitglied"	2019-12-02		2019-12-16T00:00:00	"337_5_mitglied_9999-12-31"
IST_IN_KOMMISSION	1528	408	5	"mitglied"	1	"Mitglied"	2019-12-02		2019-12-16T00:00:00	"408_5_mitglied_9999-12-31"
IST_IN_KOMMISSION	1529	168	5	"mitglied"	1	"Mitglied"	2019-12-02		2019-12-16T00:00:00	"168_5_mitglied_9999-12-31"
IST_IN_KOMMISSION	1530	378	5	"vizepraesident"	6	"Vizepräsident/in"	2019-12-02		2019-12-16T00:00:00	"378_5_vizepraesident_9999-12-31"
IST_IN_KOMMISSION	1531	179	5	"mitglied"	1	"Mitglied"	2019-12-02		2019-12-16T00:00:00	"179_5_mitglied_9999-12-31"
IST_IN_KOMMISSION	1532	418	5	"mitglied"	1	"Mitglied"	2019-12-02		2019-12-16T00:00:00	"418_5_mitglied_9999-12-31"
IST_IN_KOMMISSION	1533	349	5	"mitglied"	1	"Mitglied"	2019-12-02		2019-12-16T00:00:00	"349_5_mitglied_9999-12-31"
IST_IN_KOMMISSION	1534	420	5	"mitglied"	1	"Mitglied"	2019-12-02		2019-12-16T00:00:00	"420_5_mitglied_9999-12-31"
IST_IN_KOMMISSION	1535	334	5	"praesident"	2	"Präsident/in"	2019-12-02		2019-12-16T00:00:00	"334_5_praesident_9999-12-31"
IST_IN_KOMMISSION	1536	198	5	"mitglied"	1	"Mitglied"	2019-12-02		2019-12-16T00:00:00	"198_5_mitglied_9999-12-31"
IST_IN_KOMMISSION	1537	210	5	"mitglied"	1	"Mitglied"	2019-12-02		2019-12-16T00:00:00	"210_5_mitglied_9999-12-31"
IST_IN_KOMMISSION	1538	358	11	"mitglied"	1	"Mitglied"	2019-12-02		2019-12-16T00:00:00	"358_11_mitglied_9999-12-31"
IST_IN_KOMMISSION	1539	323	11	"mitglied"	1	"Mitglied"	2019-12-02		2019-12-16T00:00:00	"323_11_mitglied_9999-12-31"
IST_IN_KOMMISSION	1540	272	11	"mitglied"	1	"Mitglied"	2019-12-02		2019-12-16T00:00:00	"272_11_mitglied_9999-12-31"
IST_IN_KOMMISSION	1541	356	11	"mitglied"	1	"Mitglied"	2019-12-02		2019-12-16T00:00:00	"356_11_mitglied_9999-12-31"
IST_IN_KOMMISSION	1542	106	11	"mitglied"	1	"Mitglied"	2019-12-02		2019-12-16T00:00:00	"106_11_mitglied_9999-12-31"
IST_IN_KOMMISSION	1543	137	11	"praesident"	2	"Präsident/in"	2019-12-02		2019-12-16T00:00:00	"137_11_praesident_9999-12-31"
IST_IN_KOMMISSION	1544	367	11	"mitglied"	1	"Mitglied"	2019-12-02		2019-12-16T00:00:00	"367_11_mitglied_9999-12-31"
IST_IN_KOMMISSION	1545	149	11	"vizepraesident"	6	"Vizepräsident/in"	2019-12-02		2019-12-16T00:00:00	"149_11_vizepraesident_9999-12-31"
IST_IN_KOMMISSION	1546	171	11	"mitglied"	1	"Mitglied"	2019-12-02		2019-12-16T00:00:00	"171_11_mitglied_9999-12-31"
IST_IN_KOMMISSION	1547	346	11	"mitglied"	1	"Mitglied"	2019-12-02		2019-12-16T00:00:00	"346_11_mitglied_9999-12-31"
IST_IN_KOMMISSION	1548	211	11	"mitglied"	1	"Mitglied"	2019-12-02		2019-12-16T00:00:00	"211_11_mitglied_9999-12-31"
IST_IN_KOMMISSION	1549	364	13	"mitglied"	1	"Mitglied"	2019-12-02		2019-12-16T00:00:00	"364_13_mitglied_9999-12-31"
IST_IN_KOMMISSION	1550	373	13	"mitglied"	1	"Mitglied"	2019-12-02		2019-12-16T00:00:00	"373_13_mitglied_9999-12-31"
IST_IN_KOMMISSION	1551	388	13	"mitglied"	1	"Mitglied"	2019-12-02		2019-12-16T00:00:00	"388_13_mitglied_9999-12-31"
IST_IN_KOMMISSION	1552	85	13	"mitglied"	1	"Mitglied"	2019-12-02		2019-12-16T00:00:00	"85_13_mitglied_9999-12-31"
IST_IN_KOMMISSION	1553	283	13	"praesident"	2	"Präsident/in"	2019-12-02		2019-12-16T00:00:00	"283_13_praesident_9999-12-31"
IST_IN_KOMMISSION	1554	348	13	"mitglied"	1	"Mitglied"	2019-12-02		2019-12-16T00:00:00	"348_13_mitglied_9999-12-31"
IST_IN_KOMMISSION	1555	396	13	"mitglied"	1	"Mitglied"	2019-12-02		2019-12-16T00:00:00	"396_13_mitglied_9999-12-31"
IST_IN_KOMMISSION	1556	329	13	"mitglied"	1	"Mitglied"	2019-12-02		2019-12-16T00:00:00	"329_13_mitglied_9999-12-31"
IST_IN_KOMMISSION	1557	405	13	"mitglied"	1	"Mitglied"	2019-12-02		2019-12-16T00:00:00	"405_13_mitglied_9999-12-31"
IST_IN_KOMMISSION	1558	143	13	"mitglied"	1	"Mitglied"	2019-12-02		2019-12-16T00:00:00	"143_13_mitglied_9999-12-31"
IST_IN_KOMMISSION	1559	179	13	"vizepraesident"	6	"Vizepräsident/in"	2019-12-02		2019-12-16T00:00:00	"179_13_vizepraesident_9999-12-31"
IST_IN_KOMMISSION	1560	353	13	"mitglied"	1	"Mitglied"	2019-12-02		2019-12-16T00:00:00	"353_13_mitglied_9999-12-31"
IST_IN_KOMMISSION	1561	362	15	"mitglied"	1	"Mitglied"	2019-12-02		2019-12-16T00:00:00	"362_15_mitglied_9999-12-31"
IST_IN_KOMMISSION	1562	269	15	"mitglied"	1	"Mitglied"	2019-12-02		2019-12-16T00:00:00	"269_15_mitglied_9999-12-31"
IST_IN_KOMMISSION	1563	424	15	"mitglied"	1	"Mitglied"	2019-12-09		2019-12-16T00:00:00	"424_15_mitglied_9999-12-31"
IST_IN_KOMMISSION	1564	279	15	"mitglied"	1	"Mitglied"	2019-12-02		2019-12-16T00:00:00	"279_15_mitglied_9999-12-31"
IST_IN_KOMMISSION	1565	280	15	"praesident"	2	"Präsident/in"	2019-12-02		2019-12-16T00:00:00	"280_15_praesident_9999-12-31"
IST_IN_KOMMISSION	1566	347	15	"mitglied"	1	"Mitglied"	2019-12-02		2019-12-16T00:00:00	"347_15_mitglied_9999-12-31"
IST_IN_KOMMISSION	1567	398	15	"mitglied"	1	"Mitglied"	2019-12-02		2019-12-16T00:00:00	"398_15_mitglied_9999-12-31"
IST_IN_KOMMISSION	1568	399	15	"mitglied"	1	"Mitglied"	2019-12-02		2019-12-16T00:00:00	"399_15_mitglied_9999-12-31"
IST_IN_KOMMISSION	1569	137	15	"mitglied"	1	"Mitglied"	2019-12-02		2019-12-16T00:00:00	"137_15_mitglied_9999-12-31"
IST_IN_KOMMISSION	1570	404	15	"mitglied"	1	"Mitglied"	2019-12-02		2019-12-16T00:00:00	"404_15_mitglied_9999-12-31"
IST_IN_KOMMISSION	1571	142	15	"vizepraesident"	6	"Vizepräsident/in"	2019-12-02		2019-12-16T00:00:00	"142_15_vizepraesident_9999-12-31"
IST_IN_KOMMISSION	1572	21	15	"mitglied"	1	"Mitglied"	2019-12-02		2019-12-16T00:00:00	"21_15_mitglied_9999-12-31"
IST_IN_KOMMISSION	1574	190	15	"mitglied"	1	"Mitglied"	2019-12-02		2019-12-16T00:00:00	"190_15_mitglied_9999-12-31"
IST_IN_KOMMISSION	1575	306	15	"mitglied"	1	"Mitglied"	2019-12-02		2019-12-16T00:00:00	"306_15_mitglied_9999-12-31"
IST_IN_KOMMISSION	1576	307	15	"mitglied"	1	"Mitglied"	2019-12-02		2019-12-16T00:00:00	"307_15_mitglied_9999-12-31"
IST_IN_KOMMISSION	1577	422	15	"mitglied"	1	"Mitglied"	2019-12-02		2019-12-16T00:00:00	"422_15_mitglied_9999-12-31"
IST_IN_KOMMISSION	1578	4	56	"mitglied"	1	"Mitglied"	2019-12-02		2019-12-16T00:00:00	"4_56_mitglied_9999-12-31"
IST_IN_KOMMISSION	1579	86	56	"mitglied"	1	"Mitglied"	2019-12-02		2019-12-16T00:00:00	"86_56_mitglied_9999-12-31"
IST_IN_KOMMISSION	1580	381	56	"vizepraesident"	6	"Vizepräsident/in"	2019-12-02		2019-12-16T00:00:00	"381_56_vizepraesident_9999-12-31"
IST_IN_KOMMISSION	1581	317	56	"praesident"	2	"Präsident/in"	2019-12-02		2019-12-16T00:00:00	"317_56_praesident_9999-12-31"
IST_IN_KOMMISSION	1582	382	56	"mitglied"	1	"Mitglied"	2019-12-02		2019-12-16T00:00:00	"382_56_mitglied_9999-12-31"
IST_IN_KOMMISSION	1583	131	56	"mitglied"	1	"Mitglied"	2019-12-02		2019-12-16T00:00:00	"131_56_mitglied_9999-12-31"
IST_IN_KOMMISSION	1584	319	56	"mitglied"	1	"Mitglied"	2019-12-02		2019-12-16T00:00:00	"319_56_mitglied_9999-12-31"
IST_IN_KOMMISSION	1585	384	56	"mitglied"	1	"Mitglied"	2019-12-02		2019-12-16T00:00:00	"384_56_mitglied_9999-12-31"
IST_IN_KOMMISSION	1586	196	56	"mitglied"	1	"Mitglied"	2019-12-02		2019-12-16T00:00:00	"196_56_mitglied_9999-12-31"
IST_IN_KOMMISSION	1587	345	56	"mitglied"	1	"Mitglied"	2019-12-02		2019-12-16T00:00:00	"345_56_mitglied_9999-12-31"
IST_IN_KOMMISSION	1589	401	57	"mitglied"	1	"Mitglied"	2019-12-02		2019-12-16T00:00:00	"401_57_mitglied_9999-12-31"
IST_IN_KOMMISSION	1591	275	57	"mitglied"	1	"Mitglied"	2019-12-02		2019-12-16T00:00:00	"275_57_mitglied_9999-12-31"
IST_IN_KOMMISSION	1592	102	57	"praesident"	2	"Präsident/in"	2019-12-04		2019-12-16T00:00:00	"102_57_praesident_9999-12-31"
IST_IN_KOMMISSION	1593	402	57	"mitglied"	1	"Mitglied"	2019-12-02		2019-12-16T00:00:00	"402_57_mitglied_9999-12-31"
IST_IN_KOMMISSION	1594	400	57	"mitglied"	1	"Mitglied"	2019-12-03		2019-12-16T00:00:00	"400_57_mitglied_9999-12-31"
IST_IN_KOMMISSION	1595	423	57	"mitglied"	1	"Mitglied"	2019-12-04		2019-12-16T00:00:00	"423_57_mitglied_9999-12-31"
IST_IN_KOMMISSION	1596	301	57	"mitglied"	1	"Mitglied"	2019-12-02		2019-12-16T00:00:00	"301_57_mitglied_9999-12-31"
IST_IN_KOMMISSION	1597	192	57	"mitglied"	1	"Mitglied"	2019-12-02		2019-12-16T00:00:00	"192_57_mitglied_9999-12-31"
IST_IN_KOMMISSION	1598	352	57	"mitglied"	1	"Mitglied"	2019-12-02		2019-12-16T00:00:00	"352_57_mitglied_9999-12-31"
IST_IN_KOMMISSION	1599	219	55	"vizepraesident"	6	"Vizepräsident/in"	2019-12-02		2019-12-16T00:00:00	"219_55_vizepraesident_9999-12-31"
IST_IN_KOMMISSION	1600	66	55	"mitglied"	1	"Mitglied"	2019-12-02		2019-12-16T00:00:00	"66_55_mitglied_9999-12-31"
IST_IN_KOMMISSION	1601	275	55	"mitglied"	1	"Mitglied"	2019-12-02		2019-12-16T00:00:00	"275_55_mitglied_9999-12-31"
IST_IN_KOMMISSION	1602	284	55	"mitglied"	1	"Mitglied"	2019-12-02		2019-12-16T00:00:00	"284_55_mitglied_9999-12-31"
IST_IN_KOMMISSION	1603	400	55	"mitglied"	1	"Mitglied"	2019-12-03		2019-12-16T00:00:00	"400_55_mitglied_9999-12-31"
IST_IN_KOMMISSION	1604	318	55	"praesident"	2	"Präsident/in"	2019-12-02		2019-12-16T00:00:00	"318_55_praesident_9999-12-31"
IST_IN_KOMMISSION	1605	192	55	"mitglied"	1	"Mitglied"	2019-12-02		2019-12-16T00:00:00	"192_55_mitglied_9999-12-31"
IST_IN_KOMMISSION	1606	421	55	"mitglied"	1	"Mitglied"	2019-12-02		2019-12-16T00:00:00	"421_55_mitglied_9999-12-31"
IST_IN_KOMMISSION	1607	345	55	"mitglied"	1	"Mitglied"	2019-12-02		2019-12-16T00:00:00	"345_55_mitglied_9999-12-31"
IST_IN_KOMMISSION	1608	401	51	"mitglied"	1	"Mitglied"	2019-12-02		2019-12-16T00:00:00	"401_51_mitglied_9999-12-31"
IST_IN_KOMMISSION	1609	4	51	"mitglied"	1	"Mitglied"	2019-12-02		2019-12-16T00:00:00	"4_51_mitglied_9999-12-31"
IST_IN_KOMMISSION	1610	381	51	"mitglied"	1	"Mitglied"	2019-12-02		2019-12-16T00:00:00	"381_51_mitglied_9999-12-31"
IST_IN_KOMMISSION	1611	227	51	"praesident"	2	"Präsident/in"	2019-12-02		2019-12-16T00:00:00	"227_51_praesident_9999-12-31"
IST_IN_KOMMISSION	1612	284	51	"mitglied"	1	"Mitglied"	2019-12-02		2019-12-16T00:00:00	"284_51_mitglied_9999-12-31"
IST_IN_KOMMISSION	1613	102	51	"mitglied"	1	"Mitglied"	2019-12-04		2019-12-16T00:00:00	"102_51_mitglied_9999-12-31"
IST_IN_KOMMISSION	1614	382	51	"mitglied"	1	"Mitglied"	2019-12-02		2019-12-16T00:00:00	"382_51_mitglied_9999-12-31"
IST_IN_KOMMISSION	1615	406	51	"mitglied"	1	"Mitglied"	2019-12-02		2019-12-16T00:00:00	"406_51_mitglied_9999-12-31"
IST_IN_KOMMISSION	1616	400	51	"mitglied"	1	"Mitglied"	2019-12-03		2019-12-16T00:00:00	"400_51_mitglied_9999-12-31"
IST_IN_KOMMISSION	1617	160	51	"mitglied"	1	"Mitglied"	2019-12-02		2019-12-16T00:00:00	"160_51_mitglied_9999-12-31"
IST_IN_KOMMISSION	1618	384	51	"mitglied"	1	"Mitglied"	2019-12-02		2019-12-16T00:00:00	"384_51_mitglied_9999-12-31"
IST_IN_KOMMISSION	1619	345	51	"vizepraesident"	6	"Vizepräsident/in"	2019-12-02		2019-12-16T00:00:00	"345_51_vizepraesident_9999-12-31"
IST_IN_KOMMISSION	1620	4	47	"mitglied"	1	"Mitglied"	2019-12-02		2019-12-16T00:00:00	"4_47_mitglied_9999-12-31"
IST_IN_KOMMISSION	1621	316	47	"vizepraesident"	6	"Vizepräsident/in"	2019-12-02		2019-12-16T00:00:00	"316_47_vizepraesident_9999-12-31"
IST_IN_KOMMISSION	1622	381	47	"mitglied"	1	"Mitglied"	2019-12-02		2019-12-16T00:00:00	"381_47_mitglied_9999-12-31"
IST_IN_KOMMISSION	1623	227	47	"mitglied"	1	"Mitglied"	2019-12-02		2019-12-16T00:00:00	"227_47_mitglied_9999-12-31"
IST_IN_KOMMISSION	1624	102	47	"mitglied"	1	"Mitglied"	2019-12-04		2019-12-16T00:00:00	"102_47_mitglied_9999-12-31"
IST_IN_KOMMISSION	1625	318	47	"mitglied"	1	"Mitglied"	2019-12-02		2019-12-16T00:00:00	"318_47_mitglied_9999-12-31"
IST_IN_KOMMISSION	1626	36	47	"praesident"	2	"Präsident/in"	2019-12-02		2019-12-16T00:00:00	"36_47_praesident_9999-12-31"
IST_IN_KOMMISSION	1627	401	48	"vizepraesident"	6	"Vizepräsident/in"	2019-12-02		2019-12-16T00:00:00	"401_48_vizepraesident_9999-12-31"
IST_IN_KOMMISSION	1628	76	48	"mitglied"	1	"Mitglied"	2019-12-02		2019-12-16T00:00:00	"76_48_mitglied_9999-12-31"
IST_IN_KOMMISSION	1629	131	48	"mitglied"	1	"Mitglied"	2019-12-02		2019-12-16T00:00:00	"131_48_mitglied_9999-12-31"
IST_IN_KOMMISSION	1630	295	48	"mitglied"	1	"Mitglied"	2019-12-02		2019-12-16T00:00:00	"295_48_mitglied_9999-12-31"
IST_IN_KOMMISSION	1631	423	48	"mitglied"	1	"Mitglied"	2019-12-04		2019-12-16T00:00:00	"423_48_mitglied_9999-12-31"
IST_IN_KOMMISSION	1632	242	48	"praesident"	2	"Präsident/in"	2019-12-02		2019-12-16T00:00:00	"242_48_praesident_9999-12-31"
IST_IN_KOMMISSION	1633	384	48	"mitglied"	1	"Mitglied"	2019-12-02		2019-12-16T00:00:00	"384_48_mitglied_9999-12-31"
IST_IN_KOMMISSION	1634	196	48	"mitglied"	1	"Mitglied"	2019-12-02		2019-12-16T00:00:00	"196_48_mitglied_9999-12-31"
IST_IN_KOMMISSION	1635	273	50	"mitglied"	1	"Mitglied"	2019-12-02		2019-12-16T00:00:00	"273_50_mitglied_9999-12-31"
IST_IN_KOMMISSION	1636	315	50	"mitglied"	1	"Mitglied"	2019-12-02		2019-12-16T00:00:00	"315_50_mitglied_9999-12-31"
IST_IN_KOMMISSION	1637	284	50	"mitglied"	1	"Mitglied"	2019-12-02		2019-12-16T00:00:00	"284_50_mitglied_9999-12-31"
IST_IN_KOMMISSION	1638	228	50	"mitglied"	1	"Mitglied"	2019-12-02		2019-12-16T00:00:00	"228_50_mitglied_9999-12-31"
IST_IN_KOMMISSION	1639	125	50	"mitglied"	1	"Mitglied"	2019-12-02		2019-12-16T00:00:00	"125_50_mitglied_9999-12-31"
IST_IN_KOMMISSION	1640	402	50	"mitglied"	1	"Mitglied"	2019-12-02		2019-12-16T00:00:00	"402_50_mitglied_9999-12-31"
IST_IN_KOMMISSION	1641	238	50	"praesident"	2	"Präsident/in"	2019-12-02		2019-12-16T00:00:00	"238_50_praesident_9999-12-31"
IST_IN_KOMMISSION	1642	301	50	"vizepraesident"	6	"Vizepräsident/in"	2019-12-02		2019-12-16T00:00:00	"301_50_vizepraesident_9999-12-31"
IST_IN_KOMMISSION	1643	421	50	"mitglied"	1	"Mitglied"	2019-12-02		2019-12-16T00:00:00	"421_50_mitglied_9999-12-31"
IST_IN_KOMMISSION	1644	380	50	"mitglied"	1	"Mitglied"	2019-12-02		2019-12-16T00:00:00	"380_50_mitglied_9999-12-31"
IST_IN_KOMMISSION	1645	273	49	"mitglied"	1	"Mitglied"	2019-12-02		2019-12-16T00:00:00	"273_49_mitglied_9999-12-31"
IST_IN_KOMMISSION	1646	223	49	"praesident"	2	"Präsident/in"	2019-12-02		2019-12-16T00:00:00	"223_49_praesident_9999-12-31"
IST_IN_KOMMISSION	1647	382	49	"mitglied"	1	"Mitglied"	2019-12-02		2019-12-16T00:00:00	"382_49_mitglied_9999-12-31"
IST_IN_KOMMISSION	1648	131	49	"mitglied"	1	"Mitglied"	2019-12-02		2019-12-16T00:00:00	"131_49_mitglied_9999-12-31"
IST_IN_KOMMISSION	1649	406	49	"mitglied"	1	"Mitglied"	2019-12-02		2019-12-16T00:00:00	"406_49_mitglied_9999-12-31"
IST_IN_KOMMISSION	1650	295	49	"mitglied"	1	"Mitglied"	2019-12-02		2019-12-16T00:00:00	"295_49_mitglied_9999-12-31"
IST_IN_KOMMISSION	1651	301	49	"mitglied"	1	"Mitglied"	2019-12-02		2019-12-16T00:00:00	"301_49_mitglied_9999-12-31"
IST_IN_KOMMISSION	1652	321	49	"vizepraesident"	6	"Vizepräsident/in"	2019-12-02		2019-12-16T00:00:00	"321_49_vizepraesident_9999-12-31"
IST_IN_KOMMISSION	1653	380	49	"mitglied"	1	"Mitglied"	2019-12-02		2019-12-16T00:00:00	"380_49_mitglied_9999-12-31"
IST_IN_KOMMISSION	1654	219	52	"mitglied"	1	"Mitglied"	2019-12-02		2019-12-16T00:00:00	"219_52_mitglied_9999-12-31"
IST_IN_KOMMISSION	1655	317	52	"mitglied"	1	"Mitglied"	2019-12-02		2019-12-16T00:00:00	"317_52_mitglied_9999-12-31"
IST_IN_KOMMISSION	1656	34	52	"vizepraesident"	6	"Vizepräsident/in"	2019-12-02		2019-12-16T00:00:00	"34_52_vizepraesident_9999-12-31"
IST_IN_KOMMISSION	1658	36	52	"mitglied"	1	"Mitglied"	2019-12-02		2019-12-16T00:00:00	"36_52_mitglied_9999-12-31"
IST_IN_KOMMISSION	1659	196	52	"mitglied"	1	"Mitglied"	2019-12-02		2019-12-16T00:00:00	"196_52_mitglied_9999-12-31"
IST_IN_KOMMISSION	1660	321	52	"mitglied"	1	"Mitglied"	2019-12-02		2019-12-16T00:00:00	"321_52_mitglied_9999-12-31"
IST_IN_KOMMISSION	1661	266	53	"mitglied"	1	"Mitglied"	2019-12-02		2019-12-16T00:00:00	"266_53_mitglied_9999-12-31"
IST_IN_KOMMISSION	1662	66	53	"praesident"	2	"Präsident/in"	2019-12-02		2019-12-16T00:00:00	"66_53_praesident_9999-12-31"
IST_IN_KOMMISSION	1663	275	53	"mitglied"	1	"Mitglied"	2019-12-02		2019-12-16T00:00:00	"275_53_mitglied_9999-12-31"
IST_IN_KOMMISSION	1664	230	53	"mitglied"	1	"Mitglied"	2019-12-02		2019-12-16T00:00:00	"230_53_mitglied_9999-12-31"
IST_IN_KOMMISSION	1665	125	53	"mitglied"	1	"Mitglied"	2019-12-02		2019-12-16T00:00:00	"125_53_mitglied_9999-12-31"
IST_IN_KOMMISSION	1666	295	53	"mitglied"	1	"Mitglied"	2019-12-02		2019-12-16T00:00:00	"295_53_mitglied_9999-12-31"
IST_IN_KOMMISSION	1667	318	53	"mitglied"	1	"Mitglied"	2019-12-02		2019-12-16T00:00:00	"318_53_mitglied_9999-12-31"
IST_IN_KOMMISSION	1668	352	53	"mitglied"	1	"Mitglied"	2019-12-02		2019-12-16T00:00:00	"352_53_mitglied_9999-12-31"
IST_IN_KOMMISSION	1669	380	53	"vizepraesident"	6	"Vizepräsident/in"	2019-12-02		2019-12-16T00:00:00	"380_53_vizepraesident_9999-12-31"
IST_IN_KOMMISSION	1670	266	54	"mitglied"	1	"Mitglied"	2019-12-02		2019-12-16T00:00:00	"266_54_mitglied_9999-12-31"
IST_IN_KOMMISSION	1671	125	54	"vizepraesident"	6	"Vizepräsident/in"	2019-12-02		2019-12-16T00:00:00	"125_54_vizepraesident_9999-12-31"
IST_IN_KOMMISSION	1672	295	54	"mitglied"	1	"Mitglied"	2019-12-02		2019-12-16T00:00:00	"295_54_mitglied_9999-12-31"
IST_IN_KOMMISSION	1673	319	54	"praesident"	2	"Präsident/in"	2019-12-02		2019-12-16T00:00:00	"319_54_praesident_9999-12-31"
IST_IN_KOMMISSION	1674	192	54	"mitglied"	1	"Mitglied"	2019-12-02		2019-12-16T00:00:00	"192_54_mitglied_9999-12-31"
IST_IN_KOMMISSION	1675	421	54	"mitglied"	1	"Mitglied"	2019-12-02		2019-12-16T00:00:00	"421_54_mitglied_9999-12-31"
IST_IN_KOMMISSION	1676	352	54	"mitglied"	1	"Mitglied"	2019-12-02		2019-12-16T00:00:00	"352_54_mitglied_9999-12-31"
IST_IN_KOMMISSION	1754	51	60	"mitglied"	12	"Stellvertreter/in"	2019-12-02		2019-12-16T00:00:00	"51_60_mitglied_9999-12-31"
IST_IN_KOMMISSION	1755	392	60	"mitglied"	1	"Mitglied"	2019-12-02		2019-12-16T00:00:00	"392_60_mitglied_9999-12-31"
IST_IN_KOMMISSION	1756	82	60	"mitglied"	1	"Mitglied"	2019-12-02		2019-12-16T00:00:00	"82_60_mitglied_9999-12-31"
IST_IN_KOMMISSION	1757	296	60	"mitglied"	1	"Mitglied"	2019-12-02		2019-12-16T00:00:00	"296_60_mitglied_9999-12-31"
IST_IN_KOMMISSION	1758	298	60	"praesident"	2	"Präsident/in"	2019-12-02		2019-12-16T00:00:00	"298_60_praesident_9999-12-31"
IST_IN_KOMMISSION	1759	299	60	"mitglied"	1	"Mitglied"	2019-12-02		2019-12-16T00:00:00	"299_60_mitglied_9999-12-31"
IST_IN_KOMMISSION	1760	168	60	"mitglied"	12	"Stellvertreter/in"	2019-12-02		2019-12-16T00:00:00	"168_60_mitglied_9999-12-31"
IST_IN_KOMMISSION	1761	378	60	"mitglied"	12	"Stellvertreter/in"	2019-12-02		2019-12-16T00:00:00	"378_60_mitglied_9999-12-31"
IST_IN_KOMMISSION	1762	180	60	"mitglied"	12	"Stellvertreter/in"	2019-12-02		2019-12-16T00:00:00	"180_60_mitglied_9999-12-31"
IST_IN_KOMMISSION	1763	190	60	"mitglied"	12	"Stellvertreter/in"	2019-12-02		2019-12-16T00:00:00	"190_60_mitglied_9999-12-31"
IST_IN_KOMMISSION	1764	198	60	"vizepraesident"	6	"Vizepräsident/in"	2019-12-02		2019-12-16T00:00:00	"198_60_vizepraesident_9999-12-31"
IST_IN_KOMMISSION	1765	307	60	"mitglied"	1	"Mitglied"	2019-12-02		2019-12-16T00:00:00	"307_60_mitglied_9999-12-31"
IST_IN_KOMMISSION	1766	361	60	"mitglied"	12	"Stellvertreter/in"	2019-12-02		2019-12-16T00:00:00	"361_60_mitglied_9999-12-31"
IST_IN_KOMMISSION	1767	386	60	"mitglied"	12	"Stellvertreter/in"	2019-12-02		2019-12-16T00:00:00	"386_60_mitglied_9999-12-31"
IST_IN_KOMMISSION	1768	332	27	"mitglied"	1	"Mitglied"	2019-12-02		2019-12-20T00:00:00	"332_27_mitglied_9999-12-31"
IST_IN_KOMMISSION	1769	266	57	"mitglied"	1	"Mitglied"	2019-12-02		2019-12-20T00:00:00	"266_57_mitglied_9999-12-31"
IST_IN_KOMMISSION	1770	273	57	"vizepraesident"	6	"Vizepräsident/in"	2019-12-02		2019-12-20T00:00:00	"273_57_vizepraesident_9999-12-31"
IST_IN_KOMMISSION	1869	425	9	"mitglied"	1	"Mitglied"	2020-03-02		2020-03-06T00:00:00	"425_9_mitglied_9999-12-31"
IST_IN_KOMMISSION	1884	387	19	"mitglied"	1	"Mitglied"	2020-05-08		2020-05-16T00:00:00	"387_19_mitglied_9999-12-31"
IST_IN_KOMMISSION	1885	425	27	"mitglied"	1	"Mitglied"	2020-05-11		2020-05-16T00:00:00	"425_27_mitglied_9999-12-31"
IST_IN_KOMMISSION	1886	198	39	"mitglied"	11	"Fraktionspräsident/in"	2020-06-02		2020-06-13T00:00:00	"198_39_mitglied_9999-12-31"
IST_IN_KOMMISSION	1899	79	19	"praesident"	2	"Präsident/in"	2020-06-12		2020-08-30T00:00:00	"79_19_praesident_9999-12-31"
IST_IN_KOMMISSION	1900	185	19	"mitglied"	1	"Mitglied"	2020-09-07		2020-09-09T00:00:00	"185_19_mitglied_9999-12-31"
IST_IN_KOMMISSION	1904	39	39	"praesident"	2	"Präsident/in"	2020-12-01		2020-12-04T00:00:00	"39_39_praesident_9999-12-31"
IST_IN_KOMMISSION	1905	65	39	"vizepraesident"	14	"2. Vizepräsident/in"	2020-12-01		2020-12-04T00:00:00	"65_39_vizepraesident_9999-12-31"
IST_IN_KOMMISSION	1906	329	39	"vizepraesident"	13	"1. Vizepräsident/in"	2020-12-01		2020-12-04T00:00:00	"329_39_vizepraesident_9999-12-31"
IST_IN_KOMMISSION	1907	401	58	"mitglied"	9	"Stimmenzähler/in"	2020-12-01		2020-12-04T00:00:00	"401_58_mitglied_9999-12-31"
IST_IN_KOMMISSION	1908	228	58	"vizepraesident"	14	"2. Vizepräsident/in"	2020-12-01		2020-12-04T00:00:00	"228_58_vizepraesident_9999-12-31"
IST_IN_KOMMISSION	1909	230	58	"vizepraesident"	13	"1. Vizepräsident/in"	2020-12-01		2020-12-04T00:00:00	"230_58_vizepraesident_9999-12-31"
IST_IN_KOMMISSION	1910	34	58	"praesident"	2	"Präsident/in"	2020-12-01		2020-12-04T00:00:00	"34_58_praesident_9999-12-31"
IST_IN_KOMMISSION	1911	295	58	"mitglied"	10	"Ersatzstimmenzähler/in"	2020-12-01		2020-12-04T00:00:00	"295_58_mitglied_9999-12-31"
IST_IN_KOMMISSION	1916	341	19	"mitglied"	1	"Mitglied"	2021-01-01		2021-01-03T00:00:00	"341_19_mitglied_9999-12-31"
IST_IN_KOMMISSION	1920	154	19	"mitglied"	1	"Mitglied"	2020-12-18		2021-01-10T00:00:00	"154_19_mitglied_9999-12-31"
IST_IN_KOMMISSION	1921	426	19	"mitglied"	1	"Mitglied"	2020-12-18		2021-01-10T00:00:00	"426_19_mitglied_9999-12-31"
IST_IN_KOMMISSION	1922	187	3	"mitglied"	1	"Mitglied"	2020-12-18		2021-01-10T00:00:00	"187_3_mitglied_9999-12-31"
IST_IN_KOMMISSION	1923	366	13	"mitglied"	1	"Mitglied"	2020-12-18		2021-01-10T00:00:00	"366_13_mitglied_9999-12-31"
IST_IN_KOMMISSION	1924	389	15	"mitglied"	1	"Mitglied"	2020-12-18		2021-01-10T00:00:00	"389_15_mitglied_9999-12-31"
IST_IN_KOMMISSION	1927	340	39	"mitglied"	11	"Fraktionspräsident/in"	2021-06-01		2021-06-05T00:00:00	"340_39_mitglied_9999-12-31"
IST_IN_KOMMISSION	1928	168	9	"praesident"	2	"Präsident/in"	2021-06-01		2021-06-05T00:00:00	"168_9_praesident_9999-12-31"
IST_IN_KOMMISSION	1930	428	9	"mitglied"	1	"Mitglied"	2021-06-01		2021-06-05T00:00:00	"428_9_mitglied_9999-12-31"
IST_IN_KOMMISSION	1932	65	59	"mitglied"	1	"Mitglied"	2020-12-01		2021-09-24T00:00:00	"65_59_mitglied_9999-12-31"
IST_IN_KOMMISSION	1933	228	59	"mitglied"	1	"Mitglied"	2020-12-01		2021-09-24T00:00:00	"228_59_mitglied_9999-12-31"
