:TYPE	id:int	parlamentarier_id:START_ID(parlamentarier_id)	person_id:END_ID(person_id)	parlamentarier_kommissionen:string	funktion:string	funktion_fr:string	von:date	bis:date	updated_by_import:localdatetime	freigabe_datum:localdatetime	zutrittsberechtigung_parlamentarier_person_unique:string
HAT_ZUTRITTSBERECHTIGTER	63	40	68	"GK-V, KVF-NR, WBK-NR"	"Bildungsorganisation savoirsuisse"					2021-09-30T13:59:25	"40_68_9999-12-31"
HAT_ZUTRITTSBERECHTIGTER	77	55	83	"GPK-NR, WAK-NR"	"Stiftung für Konsumentenschutz"					2016-03-18T11:03:50	"55_83_9999-12-31"
HAT_ZUTRITTSBERECHTIGTER	79	57	85	"FK-NR, UREK-NR"	"Invité(e)"				2017-04-10T22:13:06	2020-07-02T23:05:05	"57_85_9999-12-31"
HAT_ZUTRITTSBERECHTIGTER	84	63	90	"APF-V, APK-NR, UREK-NR"	"Gast"					2020-07-15T12:11:27	"63_90_9999-12-31"
HAT_ZUTRITTSBERECHTIGTER	116	227	123	"EFTA/EU, ERD-V, GK-V, SGK-SR, WAK-SR, WBK-SR"	"Hotz Communications AG"				2017-04-10T22:13:06	2020-07-02T23:05:05	"227_123_9999-12-31"
HAT_ZUTRITTSBERECHTIGTER	119	97	126	"NATO-V, OSZE, SiK-NR"	"Gast"				2017-04-10T22:13:06	2020-07-02T23:05:05	"97_126_9999-12-31"
HAT_ZUTRITTSBERECHTIGTER	121	99	128	"FK-NR, SiK-NR"	"Schweizer Brauerei-Verband (SGV)"					2021-06-08T00:00:00	"99_128_9999-12-31"
HAT_ZUTRITTSBERECHTIGTER	123	103	130	"Bü-NR, KVF-NR, SiK-NR"	"Köhler, Stüdeli & Partner GmbH"				2017-04-10T22:13:06	2016-03-18T11:05:59	"103_130_9999-12-31"
HAT_ZUTRITTSBERECHTIGTER	143	120	150	"IPU, KVF-NR, SiK-NR"	"Gast"					2016-03-18T11:05:59	"120_150_9999-12-31"
HAT_ZUTRITTSBERECHTIGTER	169	238	176	"APK-NS 20-30, APK-SR, NATO-V, RedK-V, RK-SR, SiK-SR, SPK-SR"	"Persönlicher Mitarbeiter"					2021-04-25T16:19:13	"238_176_9999-12-31"
HAT_ZUTRITTSBERECHTIGTER	176	153	183	"BeK-V, GPDel-V, GPK-NR, UREK-NR"	"Migros-Genossenschafts-Bund"					2020-07-15T17:22:06	"153_183_9999-12-31"
HAT_ZUTRITTSBERECHTIGTER	180	158	187	"APK-NR, APK-NS 20-30, GK-V, RK-NR"	"Institute for Security Analysis and Strategic Networking"				2017-04-10T22:13:06	2021-09-06T09:09:41	"158_187_9999-12-31"
HAT_ZUTRITTSBERECHTIGTER	183	160	190	"Del D-V, UREK-SR, WAK-SR, WBK-SR"	"furrerhugi AG"				2017-04-10T22:13:06	2019-01-10T18:04:37	"160_190_9999-12-31"
HAT_ZUTRITTSBERECHTIGTER	194	171	201	"WAK-NR"	"furrerhugi.ag Svizzera Italiana"					2019-07-19T14:06:36	"171_201_9999-12-31"
HAT_ZUTRITTSBERECHTIGTER	207	183	214	"Del A-V, WAK-NR"	"Stiftung Landschaftsschutz SL-FP"				2017-04-10T22:13:06	2016-03-18T11:06:40	"183_214_9999-12-31"
HAT_ZUTRITTSBERECHTIGTER	220	195	227	"GPK-NR, SPK-NR"	"Persönlicher Mitarbeiter"					2016-12-16T18:14:11	"195_227_9999-12-31"
HAT_ZUTRITTSBERECHTIGTER	221	196	228	"FK-SR, UREK-SR, WAK-SR"	"WWF Suisse"				2017-04-10T22:13:06	2020-07-02T23:06:15	"196_228_9999-12-31"
HAT_ZUTRITTSBERECHTIGTER	235	210	243	"KVF-NR, WBK-NR"	"Gast"					2021-05-03T16:40:51	"210_243_9999-12-31"
HAT_ZUTRITTSBERECHTIGTER	245	49	253	"APK-NR, WAK-NR"	"Wohnbaugenosschenschaften Schweiz"				2017-04-10T22:13:06	2020-05-19T17:32:27	"49_253_9999-12-31"
HAT_ZUTRITTSBERECHTIGTER	276	85	284	"KVF-NR, SPK-NR"	"Verband der Schweizerischen Gasindustrie (VSG)"					2020-07-02T23:05:05	"85_284_9999-12-31"
HAT_ZUTRITTSBERECHTIGTER	286	97	294	"NATO-V, OSZE, SiK-NR"	"Regierungsrat des Kantons Luzern"				2017-04-10T22:13:06	2020-07-15T14:51:47	"97_294_9999-12-31"
HAT_ZUTRITTSBERECHTIGTER	290	103	298	"Bü-NR, KVF-NR, SiK-NR"	"ewz"				2017-04-10T22:13:06	2019-08-19T09:16:31	"103_298_9999-12-31"
HAT_ZUTRITTSBERECHTIGTER	296	110	304	"FK-NR, SGK-NR"	"Schweizerischer Berufsverband Pflegefachfrauen und -männer"				2017-04-10T22:13:06	2016-11-05T12:17:42	"110_304_9999-12-31"
HAT_ZUTRITTSBERECHTIGTER	297	228	305	"Bü-SR, Bü-VBV-V, Del A-V, Del FL-V, KVF-SR, SGK-SR, SiK-SR, VD, WBK-SR"	"Persönlicher Mitarbeiter"					2021-10-17T14:40:31	"228_305_9999-12-31"
HAT_ZUTRITTSBERECHTIGTER	322	137	330	"BeK-V, GK-V, RK-NR, WAK-NR"	"Gast"	"Invitée"				2020-07-02T23:05:05	"137_330_9999-12-31"
HAT_ZUTRITTSBERECHTIGTER	339	159	347	"Bü-NR, UREK-NR"	"Verkehrsclub Schweiz"				2017-04-10T22:13:06	2020-07-16T17:45:51	"159_347_9999-12-31"
HAT_ZUTRITTSBERECHTIGTER	340	160	348	"Del D-V, UREK-SR, WAK-SR, WBK-SR"	"furrerhugi AG"				2017-04-10T22:13:06	2019-01-10T17:37:38	"160_348_9999-12-31"
HAT_ZUTRITTSBERECHTIGTER	341	161	349	"APK-NR, EFTA/EU"	"AEE Suisse; CRK"				2019-07-12T22:07:21	2016-03-18T11:06:40	"161_349_9999-12-31"
HAT_ZUTRITTSBERECHTIGTER	348	171	356	"WAK-NR"	"Persönliche Mitarbeiterin"					2019-07-24T13:20:13	"171_356_9999-12-31"
HAT_ZUTRITTSBERECHTIGTER	368	195	376	"GPK-NR, SPK-NR"	"Insos Schweiz"					2019-07-27T12:48:42	"195_376_9999-12-31"
HAT_ZUTRITTSBERECHTIGTER	381	210	389	"KVF-NR, WBK-NR"	"Dynamics Group"				2020-10-30T22:06:41	2019-05-21T19:34:40	"210_389_9999-12-31"
HAT_ZUTRITTSBERECHTIGTER	384	246	392	"FK-SR, RedK-V, UREK-SR, WAK-SR"	"SEV Gewerkschaft des Verkehrspersonals"				2017-04-10T22:13:06	2020-05-09T17:10:29	"246_392_9999-12-31"
HAT_ZUTRITTSBERECHTIGTER	387	49	396	"APK-NR, WAK-NR"	"ASLOCA"				2017-04-10T22:13:06	2016-03-18T11:03:50	"49_396_9999-12-31"
HAT_ZUTRITTSBERECHTIGTER	395	227	404	"EFTA/EU, ERD-V, GK-V, SGK-SR, WAK-SR, WBK-SR"	"Krauthammer & Partner"				2020-08-30T23:51:42	2020-07-02T23:05:05	"227_404_9999-12-31"
HAT_ZUTRITTSBERECHTIGTER	398	34	407	"Bü-SR, Bü-VBV-V, Del A-V, Del FL-V, SGK-SR, SiK-SR, VD, WAK-SR"	"Persönliche/r Mitarbeiter/in"				2018-10-05T20:08:58	2021-10-17T14:44:32	"34_407_9999-12-31"
HAT_ZUTRITTSBERECHTIGTER	415	34	424	"Bü-SR, Bü-VBV-V, Del A-V, Del FL-V, SGK-SR, SiK-SR, VD, WAK-SR"	"Persönlicher Mitarbeiter"					2021-09-28T15:39:14	"34_424_9999-12-31"
HAT_ZUTRITTSBERECHTIGTER	419	248	428	"APK-NR, EFTA/EU"	"KPMG"				2017-04-10T22:13:06	2020-07-02T23:06:15	"248_428_9999-12-31"
HAT_ZUTRITTSBERECHTIGTER	437	76	447	"BeK-V, Del I-V, GPK-SR, OSZE, SPK-SR, UREK-SR"	"Gast"					2019-08-16T14:30:35	"76_447_9999-12-31"
HAT_ZUTRITTSBERECHTIGTER	526	65	467	"Bü-NR, Bü-VBV-V, KVF-NR, SiK-NR, VD"	"hotelleriesuisse"	"hotelleriesuisse"	2015-03-05			2019-07-27T13:07:40	"65_467_9999-12-31"
HAT_ZUTRITTSBERECHTIGTER	552	261	494	"SiK-NR, SPK-NR"	"Gast"					2019-05-07T14:30:21	"261_494_9999-12-31"
HAT_ZUTRITTSBERECHTIGTER	557	265	498	"Del I-V, GPK-NR, SPK-NR"	"Persönlicher Mitarbeiter"		2015-12-15			2016-03-18T11:03:50	"265_498_9999-12-31"
HAT_ZUTRITTSBERECHTIGTER	558	268	500	"KVF-NR"	"Invité(e)"		2015-12-15		2019-12-02T21:29:53	2019-08-19T09:19:54	"268_500_9999-12-31"
HAT_ZUTRITTSBERECHTIGTER	561	270	425	"Del F-V, RedK-V, SPK-NR"	"UDC Vaud"	"UDC Vaud"			2017-04-10T22:13:06	2021-11-01T10:56:38	"270_425_9999-12-31"
HAT_ZUTRITTSBERECHTIGTER	566	67	269	"UREK-NR, WBK-NR"	"cR Kommunikation AG"		2015-12-15		2021-04-02T22:07:38	2021-01-22T14:53:56	"67_269_9999-12-31"
HAT_ZUTRITTSBERECHTIGTER	571	277	510	"WAK-NR"	"Gast"					2016-03-21T00:00:00	"277_510_9999-12-31"
HAT_ZUTRITTSBERECHTIGTER	578	99	513	"FK-NR, SiK-NR"	"GastroSuisse"					2019-01-10T17:26:56	"99_513_9999-12-31"
HAT_ZUTRITTSBERECHTIGTER	581	284	516	"APK-SR, SiK-SR, WBK-SR"	"Persönliche/r Mitarbeiter/in"				2019-12-02T21:29:53	2021-09-06T09:56:27	"284_516_9999-12-31"
HAT_ZUTRITTSBERECHTIGTER	583	104	518	"APF-V, ERD-V, FK-NR"	"Biofluels Schweiz"					2020-07-02T23:02:50	"104_518_9999-12-31"
HAT_ZUTRITTSBERECHTIGTER	592	117	523	"SGK-NR, WBK-NR"	"Persönlicher Mitarbeiter"					2016-11-28T07:25:59	"117_523_9999-12-31"
HAT_ZUTRITTSBERECHTIGTER	599	296	526	"IK-NR, SGK-NR"	"Alliance Sud"		2015-12-18			2020-07-15T15:16:12	"296_526_9999-12-31"
HAT_ZUTRITTSBERECHTIGTER	600	296	230	"IK-NR, SGK-NR"	"Schweizerischer Gewerkschaftsbund"		2015-12-18			2016-03-18T11:05:59	"296_230_9999-12-31"
HAT_ZUTRITTSBERECHTIGTER	605	297	528	"GPK-NR, SGK-NR"	"Persönlicher Mitarbeiter"	"Collaborateur personel"	2015-12-18			2021-07-14T11:16:42	"297_528_9999-12-31"
HAT_ZUTRITTSBERECHTIGTER	608	161	530	"APK-NR, EFTA/EU"	"Gast"		2015-12-18			2020-07-15T15:19:50	"161_530_9999-12-31"
HAT_ZUTRITTSBERECHTIGTER	613	178	142	"WAK-NR"	"Schweizer Bauernverband"		2015-12-18			2019-05-21T19:27:54	"178_142_9999-12-31"
HAT_ZUTRITTSBERECHTIGTER	620	301	155	"GPDel-V, GPK-SR, KVF-SR, NATO-V, OSZE, SiK-SR"	"Persönlicher Mitarbeiter"		2015-12-18			2020-07-02T23:06:15	"301_155_9999-12-31"
HAT_ZUTRITTSBERECHTIGTER	627	21	540	"Del A-V, RK-NR, WAK-NR"	"Treuhand Suisse"		2015-12-18		2017-07-01T19:11:47	2021-06-09T00:00:00	"21_540_9999-12-31"
HAT_ZUTRITTSBERECHTIGTER	638	251	544	"Bü-NR, WAK-NR"	"Persönliche Mitarbeiterin"	"Collaboratrice personelle"	2015-12-15			2020-07-02T23:02:50	"251_544_9999-12-31"
HAT_ZUTRITTSBERECHTIGTER	639	251	314	"Bü-NR, WAK-NR"	"Schweizerischer Arbeitgeberverband"					2020-07-02T23:05:05	"251_314_9999-12-31"
HAT_ZUTRITTSBERECHTIGTER	645	315	549	"KVF-SR, NATO-V, OSZE, SGK-SR, SiK-SR"	"Verband der verladenden Wirtschaft"		2015-12-15			2020-07-02T23:02:50	"315_549_9999-12-31"
HAT_ZUTRITTSBERECHTIGTER	646	315	384	"KVF-SR, NATO-V, OSZE, SGK-SR, SiK-SR"	"dynamicsgroup"		2015-12-15			2020-07-02T23:06:15	"315_384_9999-12-31"
HAT_ZUTRITTSBERECHTIGTER	648	86	550	"Del F-V, ERD-V, FK-SR, KVF-SR, SiK-SR"	"Fédération vaudoise des entrepreneurs (FVE)"		2015-12-15			2021-09-28T15:33:14	"86_550_9999-12-31"
HAT_ZUTRITTSBERECHTIGTER	661	6	353	"GPK-NR, IK-NR, SGK-NR"	"Schweizerischer Gewerbeverband"		2016-01-21			2016-03-18T11:03:50	"6_353_9999-12-31"
HAT_ZUTRITTSBERECHTIGTER	662	98	554	"SPK-NR"	"Alliance Sud"		2016-01-21			2016-11-25T17:18:03	"98_554_9999-12-31"
HAT_ZUTRITTSBERECHTIGTER	665	11	557	"GK-V, SGK-NR"	"furrerhugi.ag"		2016-01-24		2017-04-10T22:13:06	2018-06-29T11:18:08	"11_557_9999-12-31"
HAT_ZUTRITTSBERECHTIGTER	672	280	266	"IK-NR, IPU, RK-NR"	"GREA-Groupement Romand d'Etudes des Addictions"		2016-02-29		2017-04-10T22:13:06	2020-07-28T10:13:59	"280_266_9999-12-31"
HAT_ZUTRITTSBERECHTIGTER	674	279	564	"RK-NR, WBK-NR"	"Gast"	"Collaborateur personnel"	2016-03-01		2019-12-02T21:29:53	2019-07-24T13:22:08	"279_564_9999-12-31"
HAT_ZUTRITTSBERECHTIGTER	675	279	565	"RK-NR, WBK-NR"	"Gast"		2016-03-01			2020-04-13T16:36:53	"279_565_9999-12-31"
HAT_ZUTRITTSBERECHTIGTER	676	266	568	"APF-V, GPDel-V, GPK-SR, RedK-V, RK-SR, SPK-SR"	"Suissetec"		2016-03-01			2016-03-18T11:03:50	"266_568_9999-12-31"
HAT_ZUTRITTSBERECHTIGTER	682	297	89	"GPK-NR, SGK-NR"	"Centre patronal"		2016-03-01			2020-07-15T15:28:10	"297_89_9999-12-31"
HAT_ZUTRITTSBERECHTIGTER	687	316	573	"FK-SR, RedK-V, SGK-SR, WAK-SR"	"Raiffeisen Schweiz"		2016-03-01			2020-07-02T23:02:50	"316_573_9999-12-31"
HAT_ZUTRITTSBERECHTIGTER	688	316	574	"FK-SR, RedK-V, SGK-SR, WAK-SR"	"Persönlicher Mitarbeiter"	"Collaborateur personnel"	2016-03-01			2020-07-02T23:06:15	"316_574_9999-12-31"
HAT_ZUTRITTSBERECHTIGTER	696	142	487	"APK-NR, APK-NS 20-30, RK-NR"	"polsan AG / FDP Stadt Bern"				2019-12-02T21:29:53	2016-10-17T21:26:41	"142_487_9999-12-31"
HAT_ZUTRITTSBERECHTIGTER	702	319	251	"APK-SR, FK-SR, GK-V, RK-SR, UREK-SR"	"Schweizerischer Anwaltsverband / Fédération Suisse des Avocats"	"Fédération Suisse des Avocats"	2016-03-01		2017-04-10T22:13:06	2020-05-31T10:23:41	"319_251_9999-12-31"
HAT_ZUTRITTSBERECHTIGTER	705	309	579	"SiK-NR"	"Farner Consulting AG"		2016-03-01			2016-10-23T12:54:01	"309_579_9999-12-31"
HAT_ZUTRITTSBERECHTIGTER	706	246	246	"FK-SR, RedK-V, UREK-SR, WAK-SR"	"Public Affairs und Regulation SBB AG"		2016-01-21		2017-04-10T22:13:06	2021-06-09T00:00:00	"246_246_9999-12-31"
HAT_ZUTRITTSBERECHTIGTER	713	93	584	"RK-NR"	"Gast"					2016-11-10T15:24:36	"93_584_9999-12-31"
HAT_ZUTRITTSBERECHTIGTER	727	11	406	"GK-V, SGK-NR"	"Swisscom AG"					2019-07-21T12:48:28	"11_406_9999-12-31"
HAT_ZUTRITTSBERECHTIGTER	730	180	448	"Del D-V, IK-NR, SGK-NR, UREK-NR"	"Berner Bauernverband"		2016-04-18			2019-05-07T14:15:56	"180_448_9999-12-31"
HAT_ZUTRITTSBERECHTIGTER	732	116	145	"ERD-V, GPDel-V, GPK-NR"	"Gast"		2016-04-18			2016-09-11T09:25:05	"116_145_9999-12-31"
HAT_ZUTRITTSBERECHTIGTER	739	39	597	"APK-NR, Bü-NR, Bü-VBV-V, OSZE, VD"	"Persönliche/r Mitarbeiter/in"		2016-06-21		2020-12-19T09:53:20	2020-12-19T16:26:04	"39_597_9999-12-31"
HAT_ZUTRITTSBERECHTIGTER	750	125	608	"APK-SR, IPU, RK-SR, SiK-SR, SPK-SR"	"Kaufmännischer Verband"	"Société des employés de commerce"	2016-06-21			2020-07-15T18:03:53	"125_608_9999-12-31"
HAT_ZUTRITTSBERECHTIGTER	753	192	611	"APF-V, APK-SR, BeK-V, Del F-V, EFTA/EU, GPK-SR, RK-SR"	"Agile.ch"	"Agile.ch"	2016-06-18			2019-07-24T13:23:23	"192_611_9999-12-31"
HAT_ZUTRITTSBERECHTIGTER	764	289	616	"GPK-NR, UREK-NR"	"Gast"		2016-09-19			2019-07-18T11:28:34	"289_616_9999-12-31"
HAT_ZUTRITTSBERECHTIGTER	765	299	617	"BeK-V, Del F-V, IK-NR, UREK-NR"	"CCIF du canton de Fribourg"	"Invité"	2016-09-19		2017-10-13T20:06:34	2021-07-14T11:03:37	"299_617_9999-12-31"
HAT_ZUTRITTSBERECHTIGTER	767	6	619	"GPK-NR, IK-NR, SGK-NR"	"Intergenerika"		2016-10-05			2020-07-02T23:05:05	"6_619_9999-12-31"
HAT_ZUTRITTSBERECHTIGTER	769	317	81	"FinDel-V, FK-SR, SGK-SR, WAK-SR"	"Die Schweizerische Post AG"		2016-10-05			2020-07-02T23:02:50	"317_81_9999-12-31"
HAT_ZUTRITTSBERECHTIGTER	771	142	622	"APK-NR, APK-NS 20-30, RK-NR"	"Persönlicher Mitarbeiter"	"Collaborateur personnel"	2016-10-05			2020-07-02T23:05:05	"142_622_9999-12-31"
HAT_ZUTRITTSBERECHTIGTER	778	321	312	"KVF-SR, SiK-SR, WAK-SR"	"Persönlicher Mitarbeiter"		2016-11-30			2020-07-15T10:11:49	"321_312_9999-12-31"
HAT_ZUTRITTSBERECHTIGTER	794	149	141	"WAK-NR"	"Solar Agentur Schweiz"		2017-04-03			2017-04-07T10:09:39	"149_141_9999-12-31"
HAT_ZUTRITTSBERECHTIGTER	801	93	640	"RK-NR"	"Verband Schweizerischer Polizei-Beamter"		2017-04-10		2017-04-10T22:13:06	2021-07-14T10:51:48	"93_640_9999-12-31"
HAT_ZUTRITTSBERECHTIGTER	809	106	648	"WAK-NR"	"EIT.swiss"		2017-06-07		2019-12-02T21:29:53	2021-07-10T17:26:38	"106_648_9999-12-31"
HAT_ZUTRITTSBERECHTIGTER	822	323	514	"WAK-NR"	"Office des affaires extérieures, Etat de Vaud"	"Etat de Vaud"	2017-06-17		2017-08-25T20:06:50	2020-07-02T23:05:05	"323_514_9999-12-31"
HAT_ZUTRITTSBERECHTIGTER	828	211	656	"WAK-NR"	"Terre des Femmes"		2017-09-01		2017-09-01T20:06:47	2021-10-04T09:56:44	"211_656_9999-12-31"
HAT_ZUTRITTSBERECHTIGTER	842	323	662	"WAK-NR"	"Schweizerischer Gewerkschaftsbund (SGB)"		2017-10-27		2017-10-27T20:06:26	2021-06-10T00:00:00	"323_662_9999-12-31"
HAT_ZUTRITTSBERECHTIGTER	843	153	663	"BeK-V, GPDel-V, GPK-NR, UREK-NR"	"Schweizer Musikrat"		2017-10-27		2017-10-27T20:06:26	2021-11-01T11:15:16	"153_663_9999-12-31"
HAT_ZUTRITTSBERECHTIGTER	846	289	332	"GPK-NR, UREK-NR"	"Gastro Suisse"		2017-11-10		2017-11-10T20:06:27	2017-12-16T13:37:39	"289_332_9999-12-31"
HAT_ZUTRITTSBERECHTIGTER	854	248	669	"APK-NR, EFTA/EU"	"Schweizerische Bankiervereinigung"		2017-12-01		2017-12-01T12:33:22	2018-01-11T19:01:37	"248_669_9999-12-31"
HAT_ZUTRITTSBERECHTIGTER	876	334	371	"GPK-NR, KVF-NR"	"Pro Natura"		2018-03-16		2018-03-16T20:08:04	2020-07-02T23:05:05	"334_371_9999-12-31"
HAT_ZUTRITTSBERECHTIGTER	887	250	689	"EFTA/EU, WAK-NR"	"Persönliche/r Mitarbeiter/in"		2018-05-22		2018-05-22T05:29:56	2018-08-07T09:37:35	"250_689_9999-12-31"
HAT_ZUTRITTSBERECHTIGTER	888	250	690	"EFTA/EU, WAK-NR"	"Gast"		2018-05-22		2019-12-02T21:29:53	2020-09-02T07:36:45	"250_690_9999-12-31"
HAT_ZUTRITTSBERECHTIGTER	889	326	258	"SiK-NR"	"Gast"		2018-05-22		2018-05-22T05:29:56	2021-07-14T10:57:37	"326_258_9999-12-31"
HAT_ZUTRITTSBERECHTIGTER	890	98	691	"SPK-NR"	"Schweizerischer MieterInnenverband SMV"		2018-05-25		2018-05-25T20:06:25	2018-07-02T13:53:17	"98_691_9999-12-31"
HAT_ZUTRITTSBERECHTIGTER	891	330	69	"APK-NR, Del F-V"	"Procap Suisse"		2018-06-01		2018-06-01T20:07:44	2020-07-15T12:44:13	"330_69_9999-12-31"
HAT_ZUTRITTSBERECHTIGTER	894	21	694	"Del A-V, RK-NR, WAK-NR"	"Schweizerische Bankiervereinigung"		2018-06-01		2018-06-01T20:07:44	2021-06-10T00:00:00	"21_694_9999-12-31"
HAT_ZUTRITTSBERECHTIGTER	895	295	695	"BeK-V, Bü-SR, Del F-V, KVF-SR, RedK-V, RK-SR, SPK-SR, UREK-SR"	"WWF Suisse"		2018-06-15		2018-06-15T20:08:09	2018-07-02T13:53:17	"295_695_9999-12-31"
HAT_ZUTRITTSBERECHTIGTER	899	53	699	"GK-V, WAK-NR"	"alliance F"		2018-09-07		2018-09-07T20:08:32	2018-11-06T20:41:08	"53_699_9999-12-31"
HAT_ZUTRITTSBERECHTIGTER	903	337	22	"Bü-NR, KVF-NR, WBK-NR"	"Pro Familia Schweiz"		2018-09-07		2018-09-07T20:08:32	2018-11-16T15:48:22	"337_22_9999-12-31"
HAT_ZUTRITTSBERECHTIGTER	908	178	387	"WAK-NR"	"Schweizer Bauernverband"		2018-10-05		2018-10-05T20:08:58	2020-07-15T17:45:41	"178_387_9999-12-31"
HAT_ZUTRITTSBERECHTIGTER	917	330	709	"APK-NR, Del F-V"	"furrerhugi AG et Fédération suisse des patients"		2018-12-21		2018-12-21T20:08:59	2019-03-29T07:33:42	"330_709_9999-12-31"
HAT_ZUTRITTSBERECHTIGTER	932	196	613	"FK-SR, UREK-SR, WAK-SR"	"Greenpeace"		2019-03-09		2019-03-09T19:11:46	2019-03-27T12:56:01	"196_613_9999-12-31"
HAT_ZUTRITTSBERECHTIGTER	935	132	438	"WAK-NR"	"Axpo Holding AG"		2019-03-09		2019-03-09T19:11:46	2019-07-21T13:06:12	"132_438_9999-12-31"
HAT_ZUTRITTSBERECHTIGTER	937	339	723	"SPK-NR"	"Kinderlobby"		2019-04-02		2019-04-02T08:27:00	2019-05-07T14:19:13	"339_723_9999-12-31"
HAT_ZUTRITTSBERECHTIGTER	939	344	725	"SGK-NR"	"Gast"		2019-06-07		2019-06-07T20:09:22	2021-11-08T09:15:50	"344_725_9999-12-31"
HAT_ZUTRITTSBERECHTIGTER	940	167	163	"KVF-NR, WBK-NR"	"scienceindustries"		2019-06-07		2019-06-07T20:09:22	2020-01-31T09:27:42	"167_163_9999-12-31"
HAT_ZUTRITTSBERECHTIGTER	942	317	727	"FinDel-V, FK-SR, SGK-SR, WAK-SR"	"Gast"		2019-06-07		2019-06-07T20:09:22	2020-02-26T13:55:25	"317_727_9999-12-31"
HAT_ZUTRITTSBERECHTIGTER	943	83	728	"BeK-V, RK-NR, SiK-NR"	"interpharma iph"		2019-07-12		2019-07-12T22:07:21	2021-11-10T17:14:22	"83_728_9999-12-31"
HAT_ZUTRITTSBERECHTIGTER	946	309	731	"SiK-NR"	"VFAS - Verband freier Autohandel"		2019-07-12		2019-07-12T22:07:21	2020-02-17T14:35:54	"309_731_9999-12-31"
HAT_ZUTRITTSBERECHTIGTER	950	154	736	"FK-NR, RedK-V, UREK-NR"	"Tierschutz"		2019-09-13		2019-09-13T22:11:56	2020-02-17T14:22:44	"154_736_9999-12-31"
HAT_ZUTRITTSBERECHTIGTER	961	172	738	"Del A-V, RK-NR"	"Persönliche/r Mitarbeiter/in"		2019-10-18		2019-10-18T22:10:00	2020-04-16T15:15:11	"172_738_9999-12-31"
HAT_ZUTRITTSBERECHTIGTER	963	44	149	"SGK-NR, WAK-NR"	"Invité(e)"		2019-12-02		2019-12-02T21:29:53	2020-07-15T17:59:09	"44_149_9999-12-31"
HAT_ZUTRITTSBERECHTIGTER	977	89	753	"APK-NR, Del A-V, Del FL-V, FK-NR, OSZE"	"Alliance Sud"		2019-12-02		2019-12-02T21:29:53	2020-02-15T12:33:24	"89_753_9999-12-31"
HAT_ZUTRITTSBERECHTIGTER	981	108	553	"FinDel-V, FK-NR"	"Union des Radios Régionales Romandes"		2019-12-02		2019-12-02T21:29:53	2021-06-09T00:00:00	"108_553_9999-12-31"
HAT_ZUTRITTSBERECHTIGTER	1022	301	797	"GPDel-V, GPK-SR, KVF-SR, NATO-V, OSZE, SiK-SR"	"Gast"		2019-12-02		2019-12-02T21:29:53	2020-04-16T15:11:07	"301_797_9999-12-31"
HAT_ZUTRITTSBERECHTIGTER	1024	40	60	"GK-V, KVF-NR, WBK-NR"	"Pro Velo Schweiz"		2019-12-03		2019-12-03T21:01:18	2021-08-02T10:11:51	"40_60_9999-12-31"
HAT_ZUTRITTSBERECHTIGTER	1025	265	704	"Del I-V, GPK-NR, SPK-NR"	"Pink Cross"		2019-12-03		2019-12-03T21:01:18	2020-01-31T09:24:54	"265_704_9999-12-31"
HAT_ZUTRITTSBERECHTIGTER	1026	362	799	"RK-NR"	"Bildungskommission ICT Switzerland"		2019-12-03		2019-12-03T21:01:18	2020-02-23T11:46:37	"362_799_9999-12-31"
HAT_ZUTRITTSBERECHTIGTER	1027	272	506	"WAK-NR"	"Persönliche/r Mitarbeiter/in"		2019-12-03		2019-12-03T21:01:18	2020-01-31T09:24:54	"272_506_9999-12-31"
HAT_ZUTRITTSBERECHTIGTER	1028	67	93	"UREK-NR, WBK-NR"	"BIOMASSE Schweiz"		2019-12-03		2019-12-03T21:01:18	2021-06-08T00:00:00	"67_93_9999-12-31"
HAT_ZUTRITTSBERECHTIGTER	1030	388	801	"ERD-V, RedK-V, SPK-NR"	"Collaborateur(rice) personnel(le)"		2019-12-03		2019-12-03T21:01:18	2020-03-07T10:31:09	"388_801_9999-12-31"
HAT_ZUTRITTSBERECHTIGTER	1031	392	802	"IK-NR, SiK-NR"	"Invité(e)"		2019-12-03		2019-12-03T21:01:18	2020-02-24T11:02:27	"392_802_9999-12-31"
HAT_ZUTRITTSBERECHTIGTER	1032	392	803	"IK-NR, SiK-NR"	"Collaborateur(rice) personnel(le)"		2019-12-03		2019-12-03T21:01:18	2020-03-06T14:27:54	"392_803_9999-12-31"
HAT_ZUTRITTSBERECHTIGTER	1033	277	804	"WAK-NR"	"Gast"		2019-12-03		2019-12-03T21:01:18	2020-04-16T15:14:16	"277_804_9999-12-31"
HAT_ZUTRITTSBERECHTIGTER	1034	280	659	"IK-NR, IPU, RK-NR"	"ellips public affairs & consulting"		2019-12-03		2019-12-03T21:01:18	2021-06-28T09:53:57	"280_659_9999-12-31"
HAT_ZUTRITTSBERECHTIGTER	1035	80	805	"GPDel-V, GPK-NR, SGK-NR"	"Bereichsleiterin Sozialpolitik und Interessenvertretung AGIL"		2019-12-03		2019-12-03T21:01:18	2021-03-24T16:21:53	"80_805_9999-12-31"
HAT_ZUTRITTSBERECHTIGTER	1037	82	807	"APK-NR, APK-NS 20-30, FK-NR, IK-NR"	"Pink Cross"		2019-12-03		2019-12-03T21:01:18	2021-01-25T14:55:08	"82_807_9999-12-31"
HAT_ZUTRITTSBERECHTIGTER	1039	89	808	"APK-NR, Del A-V, Del FL-V, FK-NR, OSZE"	"Casafair Schweiz"		2019-12-03		2019-12-03T21:01:18	2020-02-28T11:34:44	"89_808_9999-12-31"
HAT_ZUTRITTSBERECHTIGTER	1041	348	578	"GPK-NR, SPK-NR"	"Gast"		2019-12-03		2019-12-03T21:01:18	2020-01-31T09:24:54	"348_578_9999-12-31"
HAT_ZUTRITTSBERECHTIGTER	1042	285	519	"APK-NR"	"Gast"		2019-12-03		2019-12-03T21:01:18	2020-01-31T09:24:54	"285_519_9999-12-31"
HAT_ZUTRITTSBERECHTIGTER	1044	391	809	"FK-NR"	"Gast"		2019-12-03		2019-12-03T21:01:18	2020-02-12T20:32:53	"391_809_9999-12-31"
HAT_ZUTRITTSBERECHTIGTER	1045	391	527	"FK-NR"	"Gast"		2019-12-03		2019-12-03T21:01:18	2021-06-10T00:00:00	"391_527_9999-12-31"
HAT_ZUTRITTSBERECHTIGTER	1048	116	439	"ERD-V, GPDel-V, GPK-NR"	"Dr. Thomas Borer Consulting"		2019-12-03		2019-12-03T21:01:18	2021-09-13T08:37:00	"116_439_9999-12-31"
HAT_ZUTRITTSBERECHTIGTER	1049	394	512	"SiK-NR"	"ASTAG Schweiz"		2019-12-03		2019-12-03T21:01:18	2020-01-31T09:24:54	"394_512_9999-12-31"
HAT_ZUTRITTSBERECHTIGTER	1050	399	812	"RK-NR"	"Invité(e)"		2019-12-03		2019-12-03T21:01:18	2020-02-28T14:46:54	"399_812_9999-12-31"
HAT_ZUTRITTSBERECHTIGTER	1053	144	493	"SPK-NR, UREK-NR"	"WWF Schweiz"		2019-12-03		2019-12-03T21:01:18	2020-01-31T09:24:54	"144_493_9999-12-31"
HAT_ZUTRITTSBERECHTIGTER	1055	15	815	"SGK-NR, SPK-NR"	"Collaborateur(rice) personnel(le)"		2019-12-03		2019-12-03T21:01:18	2020-02-28T14:43:21	"15_815_9999-12-31"
HAT_ZUTRITTSBERECHTIGTER	1056	167	816	"KVF-NR, WBK-NR"	"Gast"		2019-12-03		2019-12-03T21:01:18	2020-04-16T15:02:32	"167_816_9999-12-31"
HAT_ZUTRITTSBERECHTIGTER	1057	378	714	"IK-NR, KVF-NR"	"Alpen-Initiative"		2019-12-03		2019-12-03T21:01:18	2020-01-31T09:24:54	"378_714_9999-12-31"
HAT_ZUTRITTSBERECHTIGTER	1058	414	817	"Del FL-V, SiK-NR"	"Gast"		2019-12-03		2019-12-03T21:01:18	2020-04-16T15:13:11	"414_817_9999-12-31"
HAT_ZUTRITTSBERECHTIGTER	1063	416	821	"BeK-V, SiK-NR"	"Persönliche/r Mitarbeiter/in"		2019-12-03		2019-12-03T21:01:18	2020-02-23T12:16:49	"416_821_9999-12-31"
HAT_ZUTRITTSBERECHTIGTER	1064	187	204	"FinDel-V, FK-NR, GK-V, UREK-NR"	"Pro Natura"		2019-12-03		2019-12-03T21:01:18	2020-01-31T09:24:54	"187_204_9999-12-31"
HAT_ZUTRITTSBERECHTIGTER	1065	188	316	"APK-NR, APK-NS 20-30, EFTA/EU"	"Handelskammer beider Basel"		2019-12-03		2019-12-03T21:01:18	2021-09-30T14:06:41	"188_316_9999-12-31"
HAT_ZUTRITTSBERECHTIGTER	1066	188	366	"APK-NR, APK-NS 20-30, EFTA/EU"	"Arbeitgeberverband"		2019-12-03		2019-12-03T21:01:18	2020-01-31T09:24:54	"188_366_9999-12-31"
HAT_ZUTRITTSBERECHTIGTER	1067	304	822	"GPK-NR, SiK-NR"	"GF Fachstelle Frauenhandel und Frauenmigration"		2019-12-03		2019-12-03T21:01:18	2020-02-17T15:30:12	"304_822_9999-12-31"
HAT_ZUTRITTSBERECHTIGTER	1068	304	399	"GPK-NR, SiK-NR"	"GS Verband Schweizerischer Polizei-Beamter"		2019-12-03		2019-12-03T21:01:18	2020-01-31T09:24:54	"304_399_9999-12-31"
HAT_ZUTRITTSBERECHTIGTER	1069	419	823	"RedK-V, WBK-NR"	"Gast"		2019-12-03		2019-12-03T21:01:18	2020-02-28T10:33:01	"419_823_9999-12-31"
HAT_ZUTRITTSBERECHTIGTER	1070	419	824	"RedK-V, WBK-NR"	"Gast"		2019-12-03		2019-12-03T21:01:18	2020-02-28T10:35:34	"419_824_9999-12-31"
HAT_ZUTRITTSBERECHTIGTER	1072	361	826	"BeK-V, Del FL-V, GK-V, IK-NR, UREK-NR"	"Gast"		2019-12-03		2019-12-03T21:01:18	2020-02-17T14:50:32	"361_826_9999-12-31"
HAT_ZUTRITTSBERECHTIGTER	1073	361	827	"BeK-V, Del FL-V, GK-V, IK-NR, UREK-NR"	"Persönliche/r Mitarbeiter/in"		2019-12-03		2019-12-03T21:01:18	2020-02-17T15:12:47	"361_827_9999-12-31"
HAT_ZUTRITTSBERECHTIGTER	1074	422	828	"APF-V, APK-NR, EFTA/EU, RK-NR"	"SOS Méditerranée"		2019-12-03		2019-12-03T21:01:18	2020-02-17T14:15:41	"422_828_9999-12-31"
HAT_ZUTRITTSBERECHTIGTER	1075	335	829	"SGK-NR"	"Geschäftsführerin SF MVB"		2019-12-03		2019-12-03T21:01:18	2020-02-17T15:39:52	"335_829_9999-12-31"
HAT_ZUTRITTSBERECHTIGTER	1076	363	830	"UREK-NR"	"Persönliche/r Mitarbeiter/in"		2019-12-03		2019-12-03T21:01:18	2020-04-16T15:01:33	"363_830_9999-12-31"
HAT_ZUTRITTSBERECHTIGTER	1077	363	831	"UREK-NR"	"Gast"		2019-12-03		2019-12-03T21:01:18	2021-07-01T00:00:00	"363_831_9999-12-31"
HAT_ZUTRITTSBERECHTIGTER	1078	266	570	"APF-V, GPDel-V, GPK-SR, RedK-V, RK-SR, SPK-SR"	"Swiss Leading Hospitals"		2019-12-03		2019-12-03T21:01:18	2020-01-31T09:24:54	"266_570_9999-12-31"
HAT_ZUTRITTSBERECHTIGTER	1081	295	832	"BeK-V, Bü-SR, Del F-V, KVF-SR, RedK-V, RK-SR, SPK-SR, UREK-SR"	"Canton de Genève"		2019-12-03		2019-12-03T21:01:18	2020-02-15T12:37:09	"295_832_9999-12-31"
HAT_ZUTRITTSBERECHTIGTER	1082	318	146	"APK-SR, EFTA/EU, SGK-SR, SPK-SR, UREK-SR"	"FMH. Berufsverband der Schweizer Ärztinnen"		2019-12-03		2019-12-03T21:01:18	2020-01-31T09:24:54	"318_146_9999-12-31"
HAT_ZUTRITTSBERECHTIGTER	1085	44	234	"SGK-NR, WAK-NR"	"Centre Patronal"		2019-12-05		2019-12-05T20:33:39	2021-10-04T09:40:24	"44_234_9999-12-31"
HAT_ZUTRITTSBERECHTIGTER	1087	88	117	"APF-V, Bü-NR, ERD-V, NATO-V, SiK-NR"	"Médecins de famille suisse"		2019-12-05		2019-12-05T20:33:39	2020-01-31T09:24:54	"88_117_9999-12-31"
HAT_ZUTRITTSBERECHTIGTER	1088	376	834	"WBK-NR"	"Persönliche/r Mitarbeiter/in"		2019-12-05		2019-12-05T20:33:39	2020-02-17T14:49:09	"376_834_9999-12-31"
HAT_ZUTRITTSBERECHTIGTER	1089	96	125	"UREK-NR"	"WWF Schweiz"		2019-12-05		2019-12-05T20:33:39	2020-01-31T09:24:54	"96_125_9999-12-31"
HAT_ZUTRITTSBERECHTIGTER	1090	96	687	"UREK-NR"	"VBSA"		2019-12-05		2019-12-05T20:33:39	2020-01-31T09:24:54	"96_687_9999-12-31"
HAT_ZUTRITTSBERECHTIGTER	1091	104	555	"APF-V, ERD-V, FK-NR"	"Invité(e)"		2019-12-05		2019-12-05T20:33:39	2020-07-02T23:02:50	"104_555_9999-12-31"
HAT_ZUTRITTSBERECHTIGTER	1094	396	835	"BeK-V, Del I-V, RedK-V, SPK-NR"	"transfair, associazione del personale"		2019-12-05		2019-12-05T20:33:39	2020-02-15T12:52:54	"396_835_9999-12-31"
HAT_ZUTRITTSBERECHTIGTER	1095	287	592	"BeK-V, GPK-NR, SiK-NR"	"Persönliche/r Mitarbeiter/in"		2019-12-05		2019-12-05T20:33:39	2020-01-31T09:24:54	"287_592_9999-12-31"
HAT_ZUTRITTSBERECHTIGTER	1096	299	836	"BeK-V, Del F-V, IK-NR, UREK-NR"	"Invité(e)"		2019-12-05		2019-12-05T20:33:39	2020-04-11T15:06:07	"299_836_9999-12-31"
HAT_ZUTRITTSBERECHTIGTER	1097	168	641	"BeK-V, IK-NR, KVF-NR, WBK-NR"	"Krebsliga"		2019-12-05		2019-12-05T20:33:39	2020-01-31T09:24:54	"168_641_9999-12-31"
HAT_ZUTRITTSBERECHTIGTER	1098	170	489	"Del I-V, KVF-NR, RedK-V"	"UPC"		2019-12-05		2019-12-05T20:33:39	2020-07-15T09:56:31	"170_489_9999-12-31"
HAT_ZUTRITTSBERECHTIGTER	1099	331	593	"Bü-NR, Del F-V, RedK-V, SGK-NR"	"Association des entreprises électriques suisses AES"		2019-12-05		2019-12-05T20:33:39	2021-06-09T00:00:00	"331_593_9999-12-31"
HAT_ZUTRITTSBERECHTIGTER	1101	206	239	"GPK-NR"	"Gast"		2019-12-05		2019-12-05T20:33:39	2021-11-01T10:54:43	"206_239_9999-12-31"
HAT_ZUTRITTSBERECHTIGTER	1102	422	837	"APF-V, APK-NR, EFTA/EU, RK-NR"	"TGNS"		2019-12-05		2019-12-05T20:33:39	2020-02-17T15:22:57	"422_837_9999-12-31"
HAT_ZUTRITTSBERECHTIGTER	1105	102	517	"GPDel-V, GPK-SR, SGK-SR, WBK-SR"	"Bio Suisse"		2019-12-05		2019-12-05T20:33:39	2020-01-31T09:24:54	"102_517_9999-12-31"
HAT_ZUTRITTSBERECHTIGTER	1106	36	552	"Del A-V, Del FL-V, KVF-SR, SGK-SR, WAK-SR"	"Unia"		2019-12-05		2019-12-05T20:33:39	2021-09-06T08:52:34	"36_552_9999-12-31"
HAT_ZUTRITTSBERECHTIGTER	1107	38	21	"GK-V, GPK-SR, SGK-SR, SPK-SR"	"Schweizerische Gesundheitsligen-Konferenz"		2019-12-05		2019-12-05T20:33:39	2020-01-31T09:24:54	"38_21_9999-12-31"
HAT_ZUTRITTSBERECHTIGTER	1108	38	50	"GK-V, GPK-SR, SGK-SR, SPK-SR"	"Perron Campaigns"		2019-12-05		2019-12-05T20:33:39	2020-07-02T23:02:50	"38_50_9999-12-31"
HAT_ZUTRITTSBERECHTIGTER	1109	219	32	"APK-NS 20-30, APK-SR, Del D-V, SGK-SR, UREK-SR, WAK-SR"	"Schweizerischer Verband freier Berufe SVFB"		2019-12-09		2019-12-09T09:14:56	2020-01-31T09:24:54	"219_32_9999-12-31"
HAT_ZUTRITTSBERECHTIGTER	1110	219	318	"APK-NS 20-30, APK-SR, Del D-V, SGK-SR, UREK-SR, WAK-SR"	"Association Spitex privée Suisse ASPS"		2019-12-09		2019-12-09T09:14:56	2020-05-07T12:53:53	"219_318_9999-12-31"
HAT_ZUTRITTSBERECHTIGTER	1111	36	840	"Del A-V, Del FL-V, KVF-SR, SGK-SR, WAK-SR"	"Schweizerischer Gewerkschaftsbund"		2019-12-09		2019-12-09T09:14:56	2020-02-28T10:52:24	"36_840_9999-12-31"
HAT_ZUTRITTSBERECHTIGTER	1112	374	841	"APK-NR, Del I-V, RedK-V"	"Ospite"		2019-12-11		2019-12-11T21:26:27	2020-02-28T10:34:10	"374_841_9999-12-31"
HAT_ZUTRITTSBERECHTIGTER	1113	120	136	"IPU, KVF-NR, SiK-NR"	"Public Affairs Swisscom"		2019-12-11		2019-12-11T21:26:27	2020-01-31T09:24:54	"120_136_9999-12-31"
HAT_ZUTRITTSBERECHTIGTER	1114	410	842	"GK-V, SGK-NR, SiK-NR"	"umverkehR / actif-trafiC"		2019-12-11		2019-12-11T21:26:27	2020-02-17T14:32:24	"410_842_9999-12-31"
HAT_ZUTRITTSBERECHTIGTER	1115	410	843	"GK-V, SGK-NR, SiK-NR"	"Collaborateur(rice) personnel(le)"		2019-12-11		2019-12-11T21:26:27	2020-02-15T12:35:12	"410_843_9999-12-31"
HAT_ZUTRITTSBERECHTIGTER	1116	302	844	"SGK-NR"	"Swissmem"		2019-12-11		2019-12-11T21:26:27	2020-05-28T21:41:52	"302_844_9999-12-31"
HAT_ZUTRITTSBERECHTIGTER	1118	212	245	"KVF-NR, UREK-NR"	"auto-schweiz"		2019-12-11		2019-12-11T21:26:27	2020-01-31T09:24:54	"212_245_9999-12-31"
HAT_ZUTRITTSBERECHTIGTER	1119	212	735	"KVF-NR, UREK-NR"	"strasseschweiz / routesuisse"		2019-12-11		2019-12-11T21:26:27	2020-02-28T14:34:56	"212_735_9999-12-31"
HAT_ZUTRITTSBERECHTIGTER	1120	261	478	"SiK-NR, SPK-NR"	"Collaborateur(rice) personnel(le)"		2019-12-16		2021-01-29T22:09:09	2020-01-31T09:24:54	"261_478_9999-12-31"
HAT_ZUTRITTSBERECHTIGTER	1122	329	846	"Bü-NR, Bü-VBV-V, SPK-NR, VD"	"Schweizerischer Gewerkschaftsbund"		2019-12-16		2019-12-16T15:54:02	2020-02-24T11:13:48	"329_846_9999-12-31"
HAT_ZUTRITTSBERECHTIGTER	1123	359	681	"SGK-NR"	"Digitale Gesellschaft (DigiGes)"		2019-12-16		2019-12-16T15:54:02	2020-01-31T09:24:54	"359_681_9999-12-31"
HAT_ZUTRITTSBERECHTIGTER	1124	293	624	"RK-NR, SiK-NR"	"Verein Klimaschutz Schweiz"		2019-12-16		2021-04-30T22:08:13	2021-07-10T17:37:05	"293_624_9999-12-31"
HAT_ZUTRITTSBERECHTIGTER	1125	332	666	"APK-NR, APK-NS 20-30, GPK-NR"	"Neue Europäische Bewegung Schweiz (NEBS)"		2019-12-16		2019-12-16T15:54:02	2021-04-09T07:23:49	"332_666_9999-12-31"
HAT_ZUTRITTSBERECHTIGTER	1128	179	533	"Del I-V, KVF-NR, RedK-V, SPK-NR"	"Travail.Suisse"		2019-12-16		2019-12-16T15:54:02	2020-01-31T09:24:54	"179_533_9999-12-31"
HAT_ZUTRITTSBERECHTIGTER	1129	346	848	"WAK-NR"	"Suisseculture Sociale"		2019-12-16		2019-12-16T15:54:02	2020-02-15T12:49:07	"346_848_9999-12-31"
HAT_ZUTRITTSBERECHTIGTER	1131	334	850	"GPK-NR, KVF-NR"	"VCS Verkehrs-Club der Schweiz"		2019-12-16		2019-12-16T15:54:02	2020-03-06T13:41:50	"334_850_9999-12-31"
HAT_ZUTRITTSBERECHTIGTER	1132	273	283	"GPK-SR, KVF-SR, RedK-V, SiK-SR"	"Schweizerischer Gewerbeverband"		2019-12-16		2019-12-16T15:54:02	2021-06-24T14:42:38	"273_283_9999-12-31"
HAT_ZUTRITTSBERECHTIGTER	1133	355	851	"APK-NR, FK-NR, IPU, OSZE"	"Ökostrom Schweiz"		2020-02-09		2020-02-09T12:20:42	2020-04-16T15:11:07	"355_851_9999-12-31"
HAT_ZUTRITTSBERECHTIGTER	1134	355	437	"APK-NR, FK-NR, IPU, OSZE"	"Plattform Agenda 2030"		2020-02-09		2020-02-09T12:20:42	2020-02-25T17:44:21	"355_437_9999-12-31"
HAT_ZUTRITTSBERECHTIGTER	1135	358	852	"WAK-NR"	"Persönliche/r Mitarbeiter/in"		2020-02-09		2020-02-09T12:20:42	2020-03-06T13:43:35	"358_852_9999-12-31"
HAT_ZUTRITTSBERECHTIGTER	1136	53	461	"GK-V, WAK-NR"	"SONART - Musikschaffende Schweiz"		2020-02-09		2020-02-09T12:20:42	2021-06-09T00:00:00	"53_461_9999-12-31"
HAT_ZUTRITTSBERECHTIGTER	1137	364	853	"GPK-NR, SPK-NR"	"Gast"		2020-02-09		2020-02-09T12:20:42	2020-04-06T12:22:23	"364_853_9999-12-31"
HAT_ZUTRITTSBERECHTIGTER	1138	424	854	"RK-NR"	"Persönliche/r Mitarbeiter/in"		2020-02-09		2020-02-09T12:20:42	2020-03-06T14:12:22	"424_854_9999-12-31"
HAT_ZUTRITTSBERECHTIGTER	1139	270	458	"Del F-V, RedK-V, SPK-NR"	"Verband Schweizerischer Kantonalbanken VSKB"		2020-02-09		2020-02-09T12:20:42	2021-06-09T00:00:00	"270_458_9999-12-31"
HAT_ZUTRITTSBERECHTIGTER	1140	375	390	"BeK-V, UREK-NR"	"Schweizer Heimatschutz"		2020-02-09		2020-02-09T12:20:42	2021-06-30T16:57:18	"375_390_9999-12-31"
HAT_ZUTRITTSBERECHTIGTER	1141	356	855	"WAK-NR"	"Persönliche/r Mitarbeiter/in"		2020-02-09		2020-02-09T12:20:42	2020-05-28T21:36:25	"356_855_9999-12-31"
HAT_ZUTRITTSBERECHTIGTER	1142	347	856	"RK-NR"	"LOS - Lesbenorganisation Schweiz"		2020-02-09		2020-02-09T12:20:42	2020-03-06T14:35:55	"347_856_9999-12-31"
HAT_ZUTRITTSBERECHTIGTER	1143	347	857	"RK-NR"	"Fachstelle Migration Refbejuso"		2020-02-09		2020-02-09T12:20:42	2020-03-12T07:40:55	"347_857_9999-12-31"
HAT_ZUTRITTSBERECHTIGTER	1144	348	697	"GPK-NR, SPK-NR"	"Leiterin Politik Swisscleantech"		2020-02-09		2020-02-09T12:20:42	2020-02-25T17:44:21	"348_697_9999-12-31"
HAT_ZUTRITTSBERECHTIGTER	1145	106	602	"WAK-NR"	"Verband Schweizerischer Elektrizitätsunternehmen (VSE)"		2020-02-09		2020-02-09T12:20:42	2021-06-10T00:00:00	"106_602_9999-12-31"
HAT_ZUTRITTSBERECHTIGTER	1147	329	858	"Bü-NR, Bü-VBV-V, SPK-NR, VD"	"Schweizerische Energiestiftung"		2020-02-09		2020-02-09T12:20:42	2020-02-28T14:29:15	"329_858_9999-12-31"
HAT_ZUTRITTSBERECHTIGTER	1148	351	859	"SGK-NR"	"Union syndicale suisse"		2020-02-09		2020-02-09T12:20:42	2020-03-12T07:38:11	"351_859_9999-12-31"
HAT_ZUTRITTSBERECHTIGTER	1149	339	860	"SPK-NR"	"SBAA"		2020-02-09		2020-02-09T12:20:42	2020-02-28T14:49:59	"339_860_9999-12-31"
HAT_ZUTRITTSBERECHTIGTER	1150	407	861	"FK-NR"	"Dedale solutions"		2020-02-09		2020-02-09T12:20:42	2020-03-06T13:52:29	"407_861_9999-12-31"
HAT_ZUTRITTSBERECHTIGTER	1151	298	566	"APF-V, BeK-V, FK-NR, IK-NR"	"Prometerre"		2020-02-09		2020-02-09T12:20:42	2020-02-25T17:44:21	"298_566_9999-12-31"
HAT_ZUTRITTSBERECHTIGTER	1152	298	862	"APF-V, BeK-V, FK-NR, IK-NR"	"ASSAF / SALS"		2020-02-09		2020-02-09T12:20:42	2020-04-16T15:11:37	"298_862_9999-12-31"
HAT_ZUTRITTSBERECHTIGTER	1153	158	863	"APK-NR, APK-NS 20-30, GK-V, RK-NR"	"Association des Banquiers Privés Suisses"		2020-02-09		2020-02-09T12:20:42	2020-05-28T21:33:08	"158_863_9999-12-31"
HAT_ZUTRITTSBERECHTIGTER	1154	166	195	"APK-NR, Del D-V, IK-NR, SPK-NR"	"Gast"		2020-02-09		2020-02-09T12:20:42	2020-02-25T17:44:21	"166_195_9999-12-31"
HAT_ZUTRITTSBERECHTIGTER	1155	166	864	"APK-NR, Del D-V, IK-NR, SPK-NR"	"Gast"		2020-02-09		2020-02-09T12:20:42	2020-02-24T18:09:04	"166_864_9999-12-31"
HAT_ZUTRITTSBERECHTIGTER	1156	168	865	"BeK-V, IK-NR, KVF-NR, WBK-NR"	"Croix-Rouge Suisse"		2020-02-09		2020-02-09T12:20:42	2020-05-30T13:47:11	"168_865_9999-12-31"
HAT_ZUTRITTSBERECHTIGTER	1157	409	866	"SiK-NR"	"Société vaudoise pour la protection des animaux"		2020-02-09		2020-02-09T12:20:42	2020-02-24T18:18:03	"409_866_9999-12-31"
HAT_ZUTRITTSBERECHTIGTER	1158	409	867	"SiK-NR"	"Collaborateur(rice) personnel(le)"		2020-02-09		2020-02-09T12:20:42	2020-02-28T14:23:03	"409_867_9999-12-31"
HAT_ZUTRITTSBERECHTIGTER	1159	413	868	"WBK-NR"	"Pronatura"		2020-02-09		2020-02-09T12:20:42	2020-02-24T14:48:08	"413_868_9999-12-31"
HAT_ZUTRITTSBERECHTIGTER	1161	179	870	"Del I-V, KVF-NR, RedK-V, SPK-NR"	"Generalsekretärin KS/CS Kommunikation Schweiz"		2020-02-09		2020-02-09T12:20:42	2020-04-16T15:13:40	"179_870_9999-12-31"
HAT_ZUTRITTSBERECHTIGTER	1162	417	542	"WBK-NR"	"Collaborateur(rice) personnel(le)"		2020-02-09		2020-02-09T12:20:42	2020-03-06T14:14:48	"417_542_9999-12-31"
HAT_ZUTRITTSBERECHTIGTER	1163	346	95	"WAK-NR"	"politimpuls GmbH, Bern"		2020-02-09		2021-07-05T08:22:35	2021-06-09T00:00:00	"346_95_9999-12-31"
HAT_ZUTRITTSBERECHTIGTER	1164	349	871	"KVF-NR, SiK-NR"	"Schweizerischer Zivildienstverband CIVIVA"		2020-02-09		2020-02-09T12:20:42	2020-02-24T14:46:19	"349_871_9999-12-31"
HAT_ZUTRITTSBERECHTIGTER	1165	349	872	"KVF-NR, SiK-NR"	"Verein Klimaschutz Schweiz"		2020-02-09		2020-02-09T12:20:42	2020-02-24T14:18:30	"349_872_9999-12-31"
HAT_ZUTRITTSBERECHTIGTER	1166	206	603	"GPK-NR"	"Parl. Gruppe Schweiz-Israel"		2020-02-09		2020-02-09T12:20:42	2020-02-25T17:44:21	"206_603_9999-12-31"
HAT_ZUTRITTSBERECHTIGTER	1168	310	408	"APF-V, APK-NR, IPU"	"Organisation des Suisses de l'étranger"		2020-02-09		2020-02-09T12:20:42	2021-06-09T00:00:00	"310_408_9999-12-31"
HAT_ZUTRITTSBERECHTIGTER	1169	310	334	"APF-V, APK-NR, IPU"	"Invité(e)"		2020-02-09		2020-02-09T12:20:42	2020-05-30T13:54:20	"310_334_9999-12-31"
HAT_ZUTRITTSBERECHTIGTER	1170	211	874	"WAK-NR"	"Aids-Hilfe Schweiz / Aide Suisse contre le Sida / Aiuto Aids"		2020-02-09		2020-02-09T12:20:42	2020-02-24T18:07:02	"211_874_9999-12-31"
HAT_ZUTRITTSBERECHTIGTER	1171	401	609	"Bü-SR, GPK-SR, UREK-SR, WBK-SR"	"Invité(e)"		2020-02-09		2020-02-09T12:20:42	2021-06-11T00:00:00	"401_609_9999-12-31"
HAT_ZUTRITTSBERECHTIGTER	1172	273	479	"GPK-SR, KVF-SR, RedK-V, SiK-SR"	"ASTAG - Schweizerischer Nutzfahrzeugverband"		2020-02-09		2020-02-09T12:20:42	2020-02-25T17:44:21	"273_479_9999-12-31"
HAT_ZUTRITTSBERECHTIGTER	1174	4	677	"Del I-V, ERD-V, FK-SR, RedK-V, SGK-SR, WBK-SR"	"Presidente Conscienza Svizzera"		2020-02-09		2021-02-27T14:50:12	2021-06-23T10:58:29	"4_677_9999-12-31"
HAT_ZUTRITTSBERECHTIGTER	1175	275	508	"APK-SR, Del I-V, GPK-SR, OSZE, RedK-V, SPK-SR"	"Ordine dei Medici del Canton Ticino"		2020-02-09		2020-02-09T12:20:42	2020-02-25T17:44:21	"275_508_9999-12-31"
HAT_ZUTRITTSBERECHTIGTER	1176	275	667	"APK-SR, Del I-V, GPK-SR, OSZE, RedK-V, SPK-SR"	"Ospite"		2020-02-09		2020-02-09T12:20:42	2020-02-25T17:44:21	"275_667_9999-12-31"
HAT_ZUTRITTSBERECHTIGTER	1177	102	679	"GPDel-V, GPK-SR, SGK-SR, WBK-SR"	"Inclusion Handicap, Bern"		2020-02-09		2020-02-09T12:20:42	2020-02-25T17:44:21	"102_679_9999-12-31"
HAT_ZUTRITTSBERECHTIGTER	1179	406	286	"ERD-V, KVF-SR, RedK-V, WBK-SR"	"Canton du Valais"		2020-02-09		2020-02-09T12:20:42	2021-09-28T15:25:37	"406_286_9999-12-31"
HAT_ZUTRITTSBERECHTIGTER	1180	192	97	"APF-V, APK-SR, BeK-V, Del F-V, EFTA/EU, GPK-SR, RK-SR"	"Groupe interparlementaire Suisse -Arménie"		2020-02-09		2020-02-09T12:20:42	2020-02-25T17:44:21	"192_97_9999-12-31"
HAT_ZUTRITTSBERECHTIGTER	1181	421	876	"APK-SR, RK-SR, SiK-SR"	"Antenne romande de Bio Suisse"		2020-02-09		2020-02-09T12:20:42	2020-02-24T18:10:56	"421_876_9999-12-31"
HAT_ZUTRITTSBERECHTIGTER	1182	358	877	"WAK-NR"	"Landwirtschaft mit Zukunft"		2020-02-21		2020-02-21T11:00:19	2020-02-28T14:56:12	"358_877_9999-12-31"
HAT_ZUTRITTSBERECHTIGTER	1183	362	878	"RK-NR"	"Persönliche/r Mitarbeiter/in"		2020-02-21		2020-02-21T11:00:19	2020-04-28T08:43:41	"362_878_9999-12-31"
HAT_ZUTRITTSBERECHTIGTER	1184	373	381	"SPK-NR"	"comparis.ch"		2020-02-21		2020-02-21T11:00:19	2020-07-15T17:57:34	"373_381_9999-12-31"
HAT_ZUTRITTSBERECHTIGTER	1185	340	879	"Bü-NR, IK-NR, KVF-NR, RK-NR"	"Persönliche/r Mitarbeiter/in"		2020-02-21		2020-02-21T11:00:19	2020-02-28T11:52:48	"340_879_9999-12-31"
HAT_ZUTRITTSBERECHTIGTER	1186	343	306	"Del A-V, WBK-NR"	"Gast"		2020-02-21		2020-02-21T11:00:19	2020-02-25T17:44:21	"343_306_9999-12-31"
HAT_ZUTRITTSBERECHTIGTER	1187	399	218	"RK-NR"	"Gast"		2020-02-21		2020-02-21T11:00:19	2020-02-25T17:44:21	"399_218_9999-12-31"
HAT_ZUTRITTSBERECHTIGTER	1189	170	167	"Del I-V, KVF-NR, RedK-V"	"Swiss Communication Agency Sagl"		2020-02-21		2020-02-21T11:00:19	2020-07-02T23:06:15	"170_167_9999-12-31"
HAT_ZUTRITTSBERECHTIGTER	1190	198	237	"Bü-NR, Del D-V, IK-NR, KVF-NR"	"Verband öffentlicher Verkehr VöV"		2020-02-21		2020-02-21T11:00:19	2021-06-09T00:00:00	"198_237_9999-12-31"
HAT_ZUTRITTSBERECHTIGTER	1191	198	882	"Bü-NR, Del D-V, IK-NR, KVF-NR"	"Gewerbeverein"		2020-02-21		2020-02-21T11:00:19	2020-02-28T15:02:11	"198_882_9999-12-31"
HAT_ZUTRITTSBERECHTIGTER	1193	412	880	"WBK-NR"	"Suisseculture"		2020-02-28		2020-02-28T22:11:10	2020-04-16T08:46:50	"412_880_9999-12-31"
HAT_ZUTRITTSBERECHTIGTER	1194	51	884	"IK-NR, UREK-NR"	"Mr. Campaigning"		2020-03-06		2020-03-06T22:12:51	2020-04-05T15:38:25	"51_884_9999-12-31"
HAT_ZUTRITTSBERECHTIGTER	1195	364	885	"GPK-NR, SPK-NR"	"Bank Julius Bär & Co. AG"		2020-03-06		2020-03-06T22:12:51	2020-04-06T12:09:11	"364_885_9999-12-31"
HAT_ZUTRITTSBERECHTIGTER	1196	389	886	"RedK-V, RK-NR"	"Plateforme des ONG suisses pour les droits humains"		2020-03-06		2020-03-06T22:12:51	2020-05-30T13:37:02	"389_886_9999-12-31"
HAT_ZUTRITTSBERECHTIGTER	1197	375	84	"BeK-V, UREK-NR"	"Swissolar"		2020-03-06		2020-03-06T22:12:51	2020-04-16T15:18:21	"375_84_9999-12-31"
HAT_ZUTRITTSBERECHTIGTER	1198	291	670	"APK-NR, Del D-V"	"Gast"		2020-03-06		2020-03-06T22:12:51	2020-04-16T08:46:50	"291_670_9999-12-31"
HAT_ZUTRITTSBERECHTIGTER	1199	397	887	"WBK-NR"	"Lehrerinnen und Lehrer Schweiz LCH"		2020-03-06		2020-03-06T22:12:51	2020-04-06T11:04:26	"397_887_9999-12-31"
HAT_ZUTRITTSBERECHTIGTER	1200	397	120	"WBK-NR"	"Mitinhaber pluswert gmbh"		2020-03-06		2020-03-06T22:12:51	2020-04-16T08:46:50	"397_120_9999-12-31"
HAT_ZUTRITTSBERECHTIGTER	1201	404	888	"RK-NR"	"Collaborateur(rice) personnel(le)"		2020-03-06		2020-03-06T22:12:51	2020-04-06T10:54:48	"404_888_9999-12-31"
HAT_ZUTRITTSBERECHTIGTER	1203	367	890	"Del FL-V, WAK-NR"	"Fédération romande des consommateurs (FRC)"		2020-03-06		2020-03-06T22:12:51	2020-05-30T13:14:35	"367_890_9999-12-31"
HAT_ZUTRITTSBERECHTIGTER	1205	411	488	"GPK-NR, SGK-NR"	"Schweizerischer Gewerkschaftsbund"		2020-03-06		2020-03-06T22:12:51	2020-04-16T08:46:50	"411_488_9999-12-31"
HAT_ZUTRITTSBERECHTIGTER	1206	366	684	"Del D-V, SPK-NR"	"Co-Geschäftsleiterin AvenirSocial"		2020-03-06		2020-03-06T22:12:51	2021-11-01T10:46:36	"366_684_9999-12-31"
HAT_ZUTRITTSBERECHTIGTER	1207	86	891	"Del F-V, ERD-V, FK-SR, KVF-SR, SiK-SR"	"Collaborateur(rice) personnel(le)"		2020-03-06		2020-03-06T22:12:51	2020-04-22T16:04:52	"86_891_9999-12-31"
HAT_ZUTRITTSBERECHTIGTER	1208	131	892	"Del D-V, FK-SR, KVF-SR, UREK-SR"	"Persönliche/r Mitarbeiter/in"		2020-03-06		2020-03-06T22:12:51	2021-10-25T09:45:14	"131_892_9999-12-31"
HAT_ZUTRITTSBERECHTIGTER	1210	400	18	"APK-SR, Del FL-V, GPK-SR, WBK-SR"	"Schweizerischer Versicherungsverband SVV"		2020-03-06		2020-03-06T22:12:51	2021-07-14T11:09:10	"400_18_9999-12-31"
HAT_ZUTRITTSBERECHTIGTER	1215	340	898	"Bü-NR, IK-NR, KVF-NR, RK-NR"	"Gast"		2020-05-03		2020-05-03T09:02:03	2021-02-10T08:53:46	"340_898_9999-12-31"
HAT_ZUTRITTSBERECHTIGTER	1216	82	899	"APK-NR, APK-NS 20-30, FK-NR, IK-NR"	"Persönliche/r Mitarbeiter/in"		2020-05-03		2020-05-03T09:02:03	2020-05-20T14:40:28	"82_899_9999-12-31"
HAT_ZUTRITTSBERECHTIGTER	1217	398	900	"RK-NR"	"Collaborateur(rice) personnel(le)"		2020-05-03		2020-05-03T09:02:03	2021-03-24T14:20:17	"398_900_9999-12-31"
HAT_ZUTRITTSBERECHTIGTER	1218	398	901	"RK-NR"	"ASLOCA Suisse"		2020-05-03		2020-05-03T09:02:03	2020-05-20T14:45:35	"398_901_9999-12-31"
HAT_ZUTRITTSBERECHTIGTER	1219	412	902	"WBK-NR"	"Collaborateur(rice) personnel(le)"		2020-05-03		2020-05-03T09:02:03	2021-11-10T16:52:42	"412_902_9999-12-31"
HAT_ZUTRITTSBERECHTIGTER	1221	411	904	"GPK-NR, SGK-NR"	"SAJV"		2020-05-10		2020-05-10T16:03:37	2021-04-04T09:59:01	"411_904_9999-12-31"
HAT_ZUTRITTSBERECHTIGTER	1222	132	301	"WAK-NR"	"Galenica"					2020-07-22T18:04:15	"132_301_9999-12-31"
HAT_ZUTRITTSBERECHTIGTER	1227	285	909	"APK-NR"	"Persönliche/r Mitarbeiter/in"		2020-08-30		2020-08-30T23:51:42	2021-07-13T10:38:43	"285_909_9999-12-31"
HAT_ZUTRITTSBERECHTIGTER	1229	404	911	"RK-NR"	"Invité(e)"		2020-08-30		2020-08-30T23:51:42	2021-04-25T13:49:54	"404_911_9999-12-31"
HAT_ZUTRITTSBERECHTIGTER	1231	357	913	"SGK-NR"	"WWF"		2020-08-30		2020-08-30T23:51:42	2021-04-25T16:23:07	"357_913_9999-12-31"
HAT_ZUTRITTSBERECHTIGTER	1233	149	915	"WAK-NR"	"Gast"		2020-08-30		2020-08-30T23:51:42	2021-07-10T19:35:57	"149_915_9999-12-31"
HAT_ZUTRITTSBERECHTIGTER	1234	408	916	"GPK-NR, KVF-NR"	"Initiative des Alpes"		2020-08-30		2020-08-30T23:51:42	2021-04-25T14:10:49	"408_916_9999-12-31"
HAT_ZUTRITTSBERECHTIGTER	1235	366	917	"Del D-V, SPK-NR"	"Schweizerischer Städteverband"		2020-08-30		2020-08-30T23:51:42	2021-04-25T15:29:29	"366_917_9999-12-31"
HAT_ZUTRITTSBERECHTIGTER	1236	402	918	"APF-V, Del F-V, GPK-SR, SiK-SR"	"Amnesty International section Suisse"		2020-08-30		2020-08-30T23:51:42	2021-04-25T14:02:44	"402_918_9999-12-31"
HAT_ZUTRITTSBERECHTIGTER	1237	374	919	"APK-NR, Del I-V, RedK-V"	"Schweizerischer Gehörlosenbund SGB-FSS"		2020-09-09		2020-09-09T13:14:38	2021-04-25T13:56:39	"374_919_9999-12-31"
HAT_ZUTRITTSBERECHTIGTER	1238	403	137	"Del F-V, UREK-NR"	"POLITIKWERKSTATT, Erlachstrasse 23, 3012"		2020-09-09		2020-09-09T13:14:38	2021-03-24T14:26:22	"403_137_9999-12-31"
HAT_ZUTRITTSBERECHTIGTER	1239	405	920	"Del I-V, RedK-V, SPK-NR"	"Collaboratore/trice personale"		2020-09-09		2020-09-09T13:14:38	2021-03-28T11:04:45	"405_920_9999-12-31"
HAT_ZUTRITTSBERECHTIGTER	1240	264	701	"APK-NR, APK-NS 20-30, ERD-V, GK-V, RK-NR"	"Schweizerische Flüchtlingshilfe SFH"		2020-10-30		2020-10-30T22:06:41	2021-07-02T09:51:22	"264_701_9999-12-31"
HAT_ZUTRITTSBERECHTIGTER	1242	268	922	"KVF-NR"	"Directrice de la Fédération suisse des vignerons"		2020-10-30		2020-10-30T22:06:41	2021-03-28T12:40:12	"268_922_9999-12-31"
HAT_ZUTRITTSBERECHTIGTER	1244	367	924	"Del FL-V, WAK-NR"	"Collaborateur(rice) personnel(le)"		2020-10-30		2020-10-30T22:06:41	2021-09-28T15:13:53	"367_924_9999-12-31"
HAT_ZUTRITTSBERECHTIGTER	1245	415	907	"RedK-V, SiK-NR"	"Persönliche/r Mitarbeiter/in"		2020-10-30		2020-10-30T22:06:41	2021-03-28T12:33:22	"415_907_9999-12-31"
HAT_ZUTRITTSBERECHTIGTER	1246	185	925	"FK-NR"	"suissetec - Gebäudetechnikverband CH"		2020-10-30		2020-10-30T22:06:41	2021-04-06T08:24:02	"185_925_9999-12-31"
HAT_ZUTRITTSBERECHTIGTER	1247	420	926	"KVF-NR, RedK-V"	"Repubblica e Cantone Ticino (collaboratrice scientifica)"		2020-10-30		2020-10-30T22:06:41	2021-04-25T13:03:46	"420_926_9999-12-31"
HAT_ZUTRITTSBERECHTIGTER	1248	80	927	"GPDel-V, GPK-NR, SGK-NR"	"Caritas"		2020-11-14		2020-11-14T17:54:21	2021-05-08T14:18:12	"80_927_9999-12-31"
HAT_ZUTRITTSBERECHTIGTER	1250	147	80	"APK-NR, Bü-NR, SPK-NR"	"CEMSUISSE"		2020-11-14		2020-11-14T17:54:21	2021-07-10T19:24:59	"147_80_9999-12-31"
HAT_ZUTRITTSBERECHTIGTER	1251	39	929	"APK-NR, Bü-NR, Bü-VBV-V, OSZE, VD"	"Gast"		2020-12-19		2020-12-19T09:53:20	2021-04-06T08:24:02	"39_929_9999-12-31"
HAT_ZUTRITTSBERECHTIGTER	1252	369	35	"GPK-NR, KVF-NR"	"CEO Swisspower AG"		2020-12-19		2020-12-19T09:53:20	2021-07-10T17:51:29	"369_35_9999-12-31"
HAT_ZUTRITTSBERECHTIGTER	1253	396	930	"BeK-V, Del I-V, RedK-V, SPK-NR"	"Persönliche/r Mitarbeiter/in"		2020-12-19		2020-12-19T09:53:20	2021-03-28T11:48:10	"396_930_9999-12-31"
HAT_ZUTRITTSBERECHTIGTER	1254	331	931	"Bü-NR, Del F-V, RedK-V, SGK-NR"	"Seilbahnen Schweiz"		2020-12-19		2020-12-19T09:53:20	2021-04-06T08:25:47	"331_931_9999-12-31"
HAT_ZUTRITTSBERECHTIGTER	1255	353	932	"GPK-NR, SPK-NR"	"Persönliche/r Mitarbeiter/in"		2020-12-19		2020-12-19T09:53:20	2021-07-10T20:04:16	"353_932_9999-12-31"
HAT_ZUTRITTSBERECHTIGTER	1256	426	317	"FK-NR"	"Global Infrastructure Basel"		2020-12-19		2020-12-19T09:53:20	2021-09-22T00:00:00	"426_317_9999-12-31"
HAT_ZUTRITTSBERECHTIGTER	1257	421	933	"APK-SR, RK-SR, SiK-SR"	"Président de Zoosuisse"		2020-12-19		2020-12-19T09:53:20	2021-04-25T13:31:17	"421_933_9999-12-31"
HAT_ZUTRITTSBERECHTIGTER	1259	154	935	"FK-NR, RedK-V, UREK-NR"	"Leiter Public Affairs Swisspower AG"		2021-01-29		2021-01-29T22:09:09	2021-03-29T11:03:33	"154_935_9999-12-31"
HAT_ZUTRITTSBERECHTIGTER	1260	387	936	"FK-NR"	"Persönliche/r Mitarbeiter/in"		2021-01-29		2021-01-29T22:09:09	2021-04-06T08:24:02	"387_936_9999-12-31"
HAT_ZUTRITTSBERECHTIGTER	1261	400	937	"APK-SR, Del FL-V, GPK-SR, WBK-SR"	"Persönliche/r Mitarbeiter/in"		2021-01-29		2021-01-29T22:09:09	2021-07-13T10:36:43	"400_937_9999-12-31"
HAT_ZUTRITTSBERECHTIGTER	1263	187	939	"FinDel-V, FK-NR, GK-V, UREK-NR"	"Jugendsession"		2021-02-27		2021-02-27T14:50:12	2021-05-03T09:30:53	"187_939_9999-12-31"
HAT_ZUTRITTSBERECHTIGTER	1264	335	940	"SGK-NR"	"Persönliche/r Mitarbeiter/in"		2021-02-27		2021-02-27T14:50:12	2021-06-11T00:00:00	"335_940_9999-12-31"
HAT_ZUTRITTSBERECHTIGTER	1265	354	941	"FK-NR, RedK-V"	"EXPO EVENT LiveCom Association"		2021-02-27		2021-02-27T14:50:12	2021-05-03T09:30:53	"354_941_9999-12-31"
HAT_ZUTRITTSBERECHTIGTER	1266	426	942	"FK-NR"	"Medicus Mundi Schweiz"		2021-02-27		2021-02-27T14:50:12	2021-05-03T09:30:53	"426_942_9999-12-31"
HAT_ZUTRITTSBERECHTIGTER	1269	81	908	"Del D-V, SiK-NR"	"Farner Consulting AG"		2021-03-28		2021-03-28T23:11:31	2021-05-03T09:30:53	"81_908_9999-12-31"
HAT_ZUTRITTSBERECHTIGTER	1270	424	945	"RK-NR"	"Président SER"		2021-04-02		2021-04-02T22:07:38	2021-09-28T15:25:15	"424_945_9999-12-31"
HAT_ZUTRITTSBERECHTIGTER	1271	418	946	"KVF-NR"	"Persönliche/r Mitarbeiter/in"		2021-04-02		2021-04-02T22:07:38	2021-09-28T15:40:41	"418_946_9999-12-31"
HAT_ZUTRITTSBERECHTIGTER	1272	256	947	"FK-NR"	"Gast"		2021-04-02		2021-04-02T22:07:38	2021-07-14T10:42:31	"256_947_9999-12-31"
HAT_ZUTRITTSBERECHTIGTER	1275	293	950	"RK-NR, SiK-NR"	"Neue europäische Bewegung Schweiz NEBS"		2021-04-30		2021-04-30T22:08:13	2021-09-06T08:50:45	"293_950_9999-12-31"
HAT_ZUTRITTSBERECHTIGTER	1280	368	426	"WBK-NR"	"Travail.Suisse, Leiter Bildungspolitik"		2021-06-12		2021-06-12T10:23:15	2021-06-14T10:36:29	"368_426_9999-12-31"
HAT_ZUTRITTSBERECHTIGTER	1283	416	956	"BeK-V, SiK-NR"	"Persönliche/r Mitarbeiter/in"		2021-06-12		2021-06-12T10:23:15	2021-10-05T13:40:41	"416_956_9999-12-31"
HAT_ZUTRITTSBERECHTIGTER	1284	183	957	"Del A-V, WAK-NR"	"Schweizerischer Gewerkschaftsbund SGB"		2021-06-12		2021-06-12T10:23:15	2021-09-30T14:02:44	"183_957_9999-12-31"
HAT_ZUTRITTSBERECHTIGTER	1286	137	96	"BeK-V, GK-V, RK-NR, WAK-NR"	"Gast"		2021-07-05		2021-07-05T08:22:35	2021-08-17T20:13:38	"137_96_9999-12-31"
HAT_ZUTRITTSBERECHTIGTER	1287	368	959	"WBK-NR"	"Persönliche/r Mitarbeiter/in"		2021-08-06		2021-08-06T22:07:16	2021-11-01T10:11:26	"368_959_9999-12-31"
HAT_ZUTRITTSBERECHTIGTER	1288	283	960	"SGK-NR, SPK-NR"	"Persönliche/r Mitarbeiter/in"		2021-09-03		2021-09-03T22:07:55	2021-09-16T13:32:12	"283_960_9999-12-31"
HAT_ZUTRITTSBERECHTIGTER	1289	144	712	"SPK-NR, UREK-NR"	"Schweizerische Energie-Stiftung"		2021-09-03		2021-09-03T22:07:55	2021-09-16T13:44:33	"144_712_9999-12-31"
HAT_ZUTRITTSBERECHTIGTER	1290	333	961	"Del A-V, GK-V, GPK-NR, UREK-NR"	"Persönliche/r Mitarbeiter/in"		2021-09-03		2021-09-03T22:07:55	2021-09-10T10:13:56	"333_961_9999-12-31"
HAT_ZUTRITTSBERECHTIGTER	1291	418	962	"KVF-NR"	"Biomasse Suisse"		2021-09-03		2021-09-03T22:07:55	2021-10-04T10:11:36	"418_962_9999-12-31"
HAT_ZUTRITTSBERECHTIGTER	1293	172	682	"Del A-V, RK-NR"	"AUNS Aktion für eine unabhängige und neutrale Schweiz"		2021-09-24		2021-09-24T22:07:31	2021-09-25T17:43:02	"172_682_9999-12-31"
HAT_ZUTRITTSBERECHTIGTER	1294	383	964	"UREK-NR"	"BirdLife Suisse"		2021-10-03		2021-10-03T11:26:44	2021-11-10T17:03:20	"383_964_9999-12-31"
HAT_ZUTRITTSBERECHTIGTER	1296	405	966	"Del I-V, RedK-V, SPK-NR"	"Gastrosuisse"		2021-10-03		2021-10-03T11:26:44	2021-11-10T17:00:02	"405_966_9999-12-31"
HAT_ZUTRITTSBERECHTIGTER	1301	414	121	"Del FL-V, SiK-NR"	"Persönlicher Mitarbeiter"		2021-10-03		2021-10-22T22:10:25	2021-10-28T19:04:09	"414_121_9999-12-31"
HAT_ZUTRITTSBERECHTIGTER	1303	185	653	"FK-NR"	"TCS Touring Club Schweiz"		2021-10-22		2021-10-22T22:10:25	2021-10-28T19:06:27	"185_653_9999-12-31"
HAT_ZUTRITTSBERECHTIGTER	1306	423	175	"GPK-SR, UREK-SR"	"Schweizerisches Konsumentenforum"		2021-11-01			2021-11-02T08:01:25	"423_175_9999-12-31"
